cod_ibge,municipio,regiao,uf,populacao
1100015,Alta Floresta D'Oeste,NO,RO,22787
1100023,Ariquemes,NO,RO,109170
1100031,Cabixi,NO,RO,5664
1100049,Cacoal,NO,RO,98280
1100056,Cerejeiras,NO,RO,16966
1100064,Colorado do Oeste,NO,RO,16508
1100072,Corumbiara,NO,RO,7968
1100080,Costa Marques,NO,RO,13510
1100098,Espigão D'Oeste,NO,RO,32842
1100106,Guajará-Mirim,NO,RO,43594
1100114,Jaru,NO,RO,55682
1100122,Ji-Paraná,NO,RO,140101
1100130,Machadinho D'Oeste,NO,RO,34149
1100148,Nova Brasilândia D'Oeste,NO,RO,16374
1100155,Ouro Preto do Oeste,NO,RO,38684
1100189,Pimenta Bueno,NO,RO,39220
1100205,Porto Velho,NO,RO,517709
1100254,Presidente Médici,NO,RO,20443
1100262,Rio Crespo,NO,RO,3767
1100288,Rolim de Moura,NO,RO,62959
1100296,Santa Luzia D'Oeste,NO,RO,7837
1100304,Vilhena,NO,RO,109651
1100320,São Miguel do Guaporé,NO,RO,22305
1100338,Nova Mamoré,NO,RO,28701
1100346,Alvorada D'Oeste,NO,RO,13720
1100379,Alto Alegre dos Parecis,NO,RO,12237
1100403,Alto Paraíso,NO,RO,17467
1100452,Buritis,NO,RO,30649
1100502,Novo Horizonte do Oeste,NO,RO,7972
1100601,Cacaulândia,NO,RO,4292
1100700,Campo Novo de Rondônia,NO,RO,9095
1100809,Candeias do Jamari,NO,RO,24313
1100908,Castanheiras,NO,RO,3450
1100924,Chupinguaia,NO,RO,10191
1100940,Cujubim,NO,RO,15877
1101005,Governador Jorge Teixeira,NO,RO,8340
1101104,Itapuã do Oeste,NO,RO,9228
1101203,Ministro Andreazza,NO,RO,6519
1101302,Mirante da Serra,NO,RO,9657
1101401,Monte Negro,NO,RO,12168
1101435,Nova União,NO,RO,6541
1101468,Pimenteiras do Oeste,NO,RO,2309
1101476,Primavera de Rondônia,NO,RO,3268
1101484,São Felipe D'Oeste,NO,RO,5588
1101492,São Francisco do Guaporé,NO,RO,17557
1101500,Seringueiras,NO,RO,12965
1101559,Teixeirópolis,NO,RO,4521
1101609,Theobroma,NO,RO,8459
1101708,Urupá,NO,RO,11314
1101757,Vale do Anari,NO,RO,8220
1101807,Vale do Paraíso,NO,RO,6790
1200013,Acrelândia,NO,AC,14712
1200054,Assis Brasil,NO,AC,8648
1200104,Brasiléia,NO,AC,28028
1200138,Bujari,NO,AC,13928
1200179,Capixaba,NO,AC,10981
1200203,Cruzeiro do Sul,NO,AC,98916
1200252,Epitaciolândia,NO,AC,19874
1200302,Feijó,NO,AC,37764
1200328,Jordão,NO,AC,9884
1200336,Mâncio Lima,NO,AC,20479
1200344,Manoel Urbano,NO,AC,12923
1200351,Marechal Thaumaturgo,NO,AC,18057
1200385,Plácido de Castro,NO,AC,17107
1200393,Porto Walter,NO,AC,11333
1200401,Rio Branco,NO,AC,389001
1200427,Rodrigues Alves,NO,AC,15560
1200435,Santa Rosa do Purus,NO,AC,7217
1200450,Senador Guiomard,NO,AC,22402
1200500,Sena Madureira,NO,AC,44049
1200609,Tarauacá,NO,AC,46816
1200708,Xapuri,NO,AC,19170
1200807,Porto Acre,NO,AC,17523
1300029,Alvarães,NO,AM,16806
1300060,Amaturá,NO,AM,11533
1300086,Anamã,NO,AM,9981
1300102,Anori,NO,AM,18056
1300144,Apuí,NO,AM,21781
1300201,Atalaia do Norte,NO,AM,15889
1300300,Autazes,NO,AM,45960
1300409,Barcelos,NO,AM,18210
1300508,Barreirinha,NO,AM,33722
1300607,Benjamin Constant,NO,AM,40908
1300631,Beruri,NO,AM,22495
1300680,Boa Vista do Ramos,NO,AM,26479
1300706,Boca do Acre,NO,AM,38792
1300805,Borba,NO,AM,34869
1300839,Caapiranga,NO,AM,14806
1300904,Canutama,NO,AM,18109
1301001,Carauari,NO,AM,31130
1301100,Careiro,NO,AM,32336
1301159,Careiro da Várzea,NO,AM,20324
1301209,Coari,NO,AM,73576
1301308,Codajás,NO,AM,24572
1301407,Eirunepé,NO,AM,35793
1301506,Envira,NO,AM,17985
1301605,Fonte Boa,NO,AM,28227
1301654,Guajará,NO,AM,14344
1301704,Humaitá,NO,AM,63454
1301803,Ipixuna,NO,AM,25629
1301852,Iranduba,NO,AM,68862
1301902,Itacoatiara,NO,AM,113917
1301951,Itamarati,NO,AM,11956
1302009,Itapiranga,NO,AM,10955
1302108,Japurá,NO,AM,9420
1302207,Juruá,NO,AM,11093
1302306,Jutaí,NO,AM,28202
1302405,Lábrea,NO,AM,49469
1302504,Manacapuru,NO,AM,111751
1302553,Manaquiri,NO,AM,16211
1302603,Manaus,NO,AM,2303732
1302702,Manicoré,NO,AM,58018
1302801,Maraã,NO,AM,15815
1302900,Maués,NO,AM,66336
1303007,Nhamundá,NO,AM,21251
1303106,Nova Olinda do Norte,NO,AM,28123
1303205,Novo Airão,NO,AM,16562
1303304,Novo Aripuanã,NO,AM,25325
1303403,Parintins,NO,AM,101855
1303502,Pauini,NO,AM,20229
1303536,Presidente Figueiredo,NO,AM,33291
1303569,Rio Preto da Eva,NO,AM,25364
1303601,Santa Isabel do Rio Negro,NO,AM,13947
1303700,Santo Antônio do Içá,NO,AM,30679
1303809,São Gabriel da Cachoeira,NO,AM,57396
1303908,São Paulo de Olivença,NO,AM,35442
1303957,São Sebastião do Uatumã,NO,AM,12338
1304005,Silves,NO,AM,12619
1304062,Tabatinga,NO,AM,73348
1304104,Tapauá,NO,AM,20728
1304203,Tefé,NO,AM,80137
1304237,Tonantins,NO,AM,20257
1304260,Uarini,NO,AM,15640
1304302,Urucará,NO,AM,19617
1304401,Urucurituba,NO,AM,25965
1400027,Amajari,NO,RR,16112
1400050,Alto Alegre,NO,RR,23589
1400100,Boa Vista,NO,RR,485477
1400159,Bonfim,NO,RR,15570
1400175,Cantá,NO,RR,21102
1400209,Caracaraí,NO,RR,22750
1400233,Caroebe,NO,RR,12004
1400282,Iracema,NO,RR,10937
1400308,Mucajaí,NO,RR,20006
1400407,Normandia,NO,RR,16323
1400456,Pacaraima,NO,RR,23112
1400472,Rorainópolis,NO,RR,37787
1400506,São João da Baliza,NO,RR,9969
1400605,São Luiz,NO,RR,7848
1400704,Uiramutã,NO,RR,16186
1500107,Abaetetuba,NO,PA,172344
1500131,Abel Figueiredo,NO,PA,6275
1500206,Acará,NO,PA,63110
1500305,Afuá,NO,PA,40473
1500347,Água Azul do Norte,NO,PA,17596
1500404,Alenquer,NO,PA,75882
1500503,Almeirim,NO,PA,36442
1500602,Altamira,NO,PA,138749
1500701,Anajás,NO,PA,30247
1500800,Ananindeua,NO,PA,509227
1500859,Anapu,NO,PA,35638
1500909,Augusto Corrêa,NO,PA,47912
1500958,Aurora do Pará,NO,PA,24193
1501006,Aveiro,NO,PA,19380
1501105,Bagre,NO,PA,35147
1501204,Baião,NO,PA,56850
1501253,Bannach,NO,PA,4290
1501303,Barcarena,NO,PA,139076
1501402,Belém,NO,PA,1397315
1501451,Belterra,NO,PA,19075
1501501,Benevides,NO,PA,68962
1501576,Bom Jesus do Tocantins,NO,PA,19129
1501600,Bonito,NO,PA,12961
1501709,Bragança,NO,PA,132489
1501725,Brasil Novo,NO,PA,27130
1501758,Brejo Grande do Araguaia,NO,PA,6966
1501782,Breu Branco,NO,PA,47066
1501808,Breves,NO,PA,116058
1501907,Bujaru,NO,PA,25065
1501956,Cachoeira do Piriá,NO,PA,19223
1502004,Cachoeira do Arari,NO,PA,25467
1502103,Cametá,NO,PA,144859
1502152,Canaã dos Carajás,NO,PA,89524
1502202,Capanema,NO,PA,75309
1502301,Capitão Poço,NO,PA,60318
1502400,Castanhal,NO,PA,209126
1502509,Chaves,NO,PA,21501
1502608,Colares,NO,PA,13625
1502707,Conceição do Araguaia,NO,PA,47144
1502756,Concórdia do Pará,NO,PA,28270
1502764,Cumaru do Norte,NO,PA,15150
1502772,Curionópolis,NO,PA,20975
1502806,Curralinho,NO,PA,36814
1502855,Curuá,NO,PA,14954
1502905,Curuçá,NO,PA,44880
1502939,Dom Eliseu,NO,PA,62823
1502954,Eldorado do Carajás,NO,PA,29287
1503002,Faro,NO,PA,9167
1503044,Floresta do Araguaia,NO,PA,18595
1503077,Garrafão do Norte,NO,PA,25558
1503093,Goianésia do Pará,NO,PA,26703
1503101,Gurupá,NO,PA,34137
1503200,Igarapé-Açu,NO,PA,37925
1503309,Igarapé-Miri,NO,PA,69446
1503408,Inhangapi,NO,PA,10784
1503457,Ipixuna do Pará,NO,PA,29264
3123700,Engenheiro Caldas,SE,MG,14501
3123809,Engenheiro Navarro,SE,MG,6373
3123858,Entre Folhas,SE,MG,5295
3123908,Entre Rios de Minas,SE,MG,15157
3124005,Ervália,SE,MG,21091
3124104,Esmeraldas,SE,MG,93103
3124203,Espera Feliz,SE,MG,24844
3124302,Espinosa,SE,MG,31375
3124401,Espírito Santo do Dourado,SE,MG,7132
3124500,Estiva,SE,MG,11880
3124609,Estrela Dalva,SE,MG,2189
3124708,Estrela do Indaiá,SE,MG,2711
3124807,Estrela do Sul,SE,MG,6897
3124906,Eugenópolis,SE,MG,11096
3125002,Ewbank da Câmara,SE,MG,3986
3125101,Extrema,SE,MG,59336
3125200,Fama,SE,MG,2676
3125309,Faria Lemos,SE,MG,3230
3125408,Felício dos Santos,SE,MG,5251
3125507,São Gonçalo do Rio Preto,SE,MG,3099
3125606,Felisburgo,SE,MG,6575
3125705,Felixlândia,SE,MG,14280
3125804,Fernandes Tourinho,SE,MG,2814
3125903,Ferros,SE,MG,9603
3125952,Fervedouro,SE,MG,10705
3126000,Florestal,SE,MG,8469
3126109,Formiga,SE,MG,70897
3126208,Formoso,SE,MG,8095
3126307,Fortaleza de Minas,SE,MG,3453
3126406,Fortuna de Minas,SE,MG,3230
3126505,Francisco Badaró,SE,MG,7053
3126604,Francisco Dumont,SE,MG,4547
3126703,Francisco Sá,SE,MG,23753
3126752,Franciscópolis,SE,MG,5023
3126802,Frei Gaspar,SE,MG,5731
3126901,Frei Inocêncio,SE,MG,8301
3126950,Frei Lagonegro,SE,MG,3481
3127008,Fronteira,SE,MG,14946
3127057,Fronteira dos Vales,SE,MG,4389
3127073,Fruta de Leite,SE,MG,4538
3127107,Frutal,SE,MG,61275
3127206,Funilândia,SE,MG,4934
3127305,Galiléia,SE,MG,6244
3127339,Gameleiras,SE,MG,4847
3127354,Glaucilândia,SE,MG,2991
3127370,Goiabeira,SE,MG,2859
3127388,Goianá,SE,MG,4214
3127404,Gonçalves,SE,MG,4922
3127503,Gonzaga,SE,MG,5235
3127602,Gouveia,SE,MG,11536
3127701,Governador Valadares,SE,MG,266561
3127800,Grão Mogol,SE,MG,14037
3127909,Grupiara,SE,MG,1428
3128006,Guanhães,SE,MG,33517
3128105,Guapé,SE,MG,14076
3128204,Guaraciaba,SE,MG,9901
3128253,Guaraciama,SE,MG,5224
3128303,Guaranésia,SE,MG,19646
3128402,Guarani,SE,MG,7731
3128501,Guarará,SE,MG,3091
3128600,Guarda-Mor,SE,MG,6687
3128709,Guaxupé,SE,MG,52744
3128808,Guidoval,SE,MG,7285
3128907,Guimarânia,SE,MG,8880
3129004,Guiricema,SE,MG,7803
3129103,Gurinhatã,SE,MG,5154
3129202,Heliodora,SE,MG,6278
3129301,Iapu,SE,MG,12583
3129400,Ibertioga,SE,MG,5346
3129509,Ibiá,SE,MG,22554
3129608,Ibiaí,SE,MG,6172
3129657,Ibiracatu,SE,MG,5113
3129707,Ibiraci,SE,MG,10996
3129806,Ibirité,SE,MG,179582
3129905,Ibitiúra de Minas,SE,MG,3440
3130002,Ibituruna,SE,MG,2733
3130051,Icaraí de Minas,SE,MG,10914
3130101,Igarapé,SE,MG,49120
3130200,Igaratinga,SE,MG,11345
3130309,Iguatama,SE,MG,6782
3130408,Ijaci,SE,MG,7358
3130507,Ilicínea,SE,MG,13248
3130556,Imbé de Minas,SE,MG,7244
3130606,Inconfidentes,SE,MG,7537
3130655,Indaiabira,SE,MG,6328
3130705,Indianópolis,SE,MG,6311
3130804,Ingaí,SE,MG,2632
3130903,Inhapim,SE,MG,22925
3131000,Inhaúma,SE,MG,6465
3131109,Inimutaba,SE,MG,7615
3131158,Ipaba,SE,MG,17587
3131208,Ipanema,SE,MG,20181
3131307,Ipatinga,SE,MG,235311
3131406,Ipiaçu,SE,MG,3807
3131505,Ipuiúna,SE,MG,9283
3131604,Iraí de Minas,SE,MG,7467
3131703,Itabira,SE,MG,118053
3131802,Itabirinha,SE,MG,10548
3131901,Itabirito,SE,MG,56369
3132008,Itacambira,SE,MG,4227
3132107,Itacarambi,SE,MG,17502
3132206,Itaguara,SE,MG,14415
3132305,Itaipé,SE,MG,10482
3132404,Itajubá,SE,MG,96855
3132503,Itamarandiba,SE,MG,34210
3132602,Itamarati de Minas,SE,MG,3710
3132701,Itambacuri,SE,MG,21210
3132800,Itambé do Mato Dentro,SE,MG,2168
3132909,Itamogi,SE,MG,11092
3133006,Itamonte,SE,MG,15245
3133105,Itanhandu,SE,MG,15751
3133204,Itanhomi,SE,MG,11264
3133303,Itaobim,SE,MG,19263
3133402,Itapagipe,SE,MG,14014
3133501,Itapecerica,SE,MG,21456
3133600,Itapeva,SE,MG,13561
3133709,Itatiaiuçu,SE,MG,13779
3133758,Itaú de Minas,SE,MG,14634
3133808,Itaúna,SE,MG,103272
3133907,Itaverava,SE,MG,5747
3134004,Itinga,SE,MG,13954
3134103,Itueta,SE,MG,6234
3134202,Ituiutaba,SE,MG,106775
3134301,Itumirim,SE,MG,6876
3134400,Iturama,SE,MG,40259
3134509,Itutinga,SE,MG,4366
3134608,Jaboticatubas,SE,MG,21407
3134707,Jacinto,SE,MG,11115
3134806,Jacuí,SE,MG,7668
3134905,Jacutinga,SE,MG,26888
5221551,Turvelândia,CO,GO,5171
5221577,Uirapuru,CO,GO,2798
5221601,Uruaçu,CO,GO,44533
5221700,Uruana,CO,GO,13857
5221809,Urutaí,CO,GO,3700
5221858,Valparaíso de Goiás,CO,GO,218416
5221908,Varjão,CO,GO,3770
5222005,Vianópolis,CO,GO,15644
5222054,Vicentinópolis,CO,GO,9175
5222203,Vila Boa,CO,GO,4145
5222302,Vila Propício,CO,GO,6028
5300108,Brasília,CO,DF,2996899
4314548,Pinto Bandeira,SU,RS,2785
4212650,Pescaria Brava,SU,SC,10615
5006275,Paraíso das Águas,CO,MS,5842
1504752,Mojuí dos Campos,NO,PA,25818
5101837,Boa Esperança do Norte,CO,MT,5877
2902658,Banzaê,NE,BA,12288
2415008,Vila Flor,NE,RN,3304
1101450,Parecis,NO,RO,4372
3521309,Ipuã,SE,SP,14701
4313300,Nova Prata,SU,RS,26637
4313334,Nova Ramada,SU,RS,2198
4313359,Nova Roma do Sul,SU,RS,3545
4313375,Nova Santa Rita,SU,RS,30189
4313391,Novo Cabrais,SU,RS,3633
4313409,Novo Hamburgo,SU,RS,235802
4313425,Novo Machado,SU,RS,3239
4313441,Novo Tiradentes,SU,RS,2187
4313466,Novo Xingu,SU,RS,1677
4313490,Novo Barreiro,SU,RS,4375
4313508,Osório,SU,RS,48999
4313607,Paim Filho,SU,RS,3685
4313656,Palmares do Sul,SU,RS,13189
4313706,Palmeira das Missões,SU,RS,34227
4313805,Palmitinho,SU,RS,8042
4313904,Panambi,SU,RS,45102
4313953,Pantano Grande,SU,RS,10443
4314001,Paraí,SU,RS,7362
4314027,Paraíso do Sul,SU,RS,6627
4314035,Pareci Novo,SU,RS,4441
4314050,Parobé,SU,RS,53569
4314068,Passa Sete,SU,RS,4024
4314076,Passo do Sobrado,SU,RS,6155
4314100,Passo Fundo,SU,RS,214811
4314134,Paulo Bento,SU,RS,2188
4314159,Paverama,SU,RS,8146
4314175,Pedras Altas,SU,RS,2099
4314209,Pedro Osório,SU,RS,7631
4314308,Pejuçara,SU,RS,3817
4314407,Pelotas,SU,RS,336150
4314423,Picada Café,SU,RS,5473
4314456,Pinhal,SU,RS,3039
4314464,Pinhal da Serra,SU,RS,2300
4314472,Pinhal Grande,SU,RS,3861
4314498,Pinheirinho do Vale,SU,RS,4638
4314506,Pinheiro Machado,SU,RS,11395
4314555,Pirapó,SU,RS,2255
4314605,Piratini,SU,RS,17770
4314704,Planalto,SU,RS,10624
4314753,Poço das Antas,SU,RS,2224
4314779,Pontão,SU,RS,3345
4314787,Ponte Preta,SU,RS,1602
4314803,Portão,SU,RS,35273
4314902,Porto Alegre,SU,RS,1388794
4315008,Porto Lucena,SU,RS,4414
4315057,Porto Mauá,SU,RS,2173
4315073,Porto Vera Cruz,SU,RS,1582
4315107,Porto Xavier,SU,RS,10127
4315131,Pouso Novo,SU,RS,1771
4315149,Presidente Lucena,SU,RS,3166
4315156,Progresso,SU,RS,5423
4315172,Protásio Alves,SU,RS,2070
4315206,Putinga,SU,RS,3809
4315305,Quaraí,SU,RS,23995
4315313,Quatro Irmãos,SU,RS,1577
4315321,Quevedos,SU,RS,2553
4315354,Quinze de Novembro,SU,RS,4003
4315404,Redentora,SU,RS,9931
4315453,Relvado,SU,RS,1826
4315503,Restinga Sêca,SU,RS,15205
4315552,Rio dos Índios,SU,RS,2866
4315602,Rio Grande,SU,RS,198935
4315701,Rio Pardo,SU,RS,35641
4315750,Riozinho,SU,RS,4574
4315800,Roca Sales,SU,RS,10646
4315909,Rodeio Bonito,SU,RS,6831
4315958,Rolador,SU,RS,2330
4316006,Rolante,SU,RS,21752
4316105,Ronda Alta,SU,RS,9969
4316204,Rondinha,SU,RS,5078
4316303,Roque Gonzales,SU,RS,6693
4316402,Rosário do Sul,SU,RS,37674
4316428,Sagrada Família,SU,RS,2528
4316436,Saldanha Marinho,SU,RS,2619
4316451,Salto do Jacuí,SU,RS,10357
4316477,Salvador das Missões,SU,RS,2955
4316501,Salvador do Sul,SU,RS,7184
4316600,Sananduva,SU,RS,16770
4316709,Santa Bárbara do Sul,SU,RS,8269
4316733,Santa Cecília do Sul,SU,RS,1710
4316758,Santa Clara do Sul,SU,RS,7079
4316808,Santa Cruz do Sul,SU,RS,138270
4316907,Santa Maria,SU,RS,282395
4316956,Santa Maria do Herval,SU,RS,6486
4316972,Santa Margarida do Sul,SU,RS,2661
4317004,Santana da Boa Vista,SU,RS,7128
4317103,Sant'Ana do Livramento,SU,RS,87329
4317202,Santa Rosa,SU,RS,79488
4317251,Santa Tereza,SU,RS,1529
4317301,Santa Vitória do Palmar,SU,RS,31965
4317400,Santiago,SU,RS,50336
4317509,Santo Ângelo,SU,RS,79146
4317558,Santo Antônio do Palma,SU,RS,2134
4317608,Santo Antônio da Patrulha,SU,RS,44431
4317707,Santo Antônio das Missões,SU,RS,10485
4317756,Santo Antônio do Planalto,SU,RS,2138
4317806,Santo Augusto,SU,RS,14196
4317905,Santo Cristo,SU,RS,15667
4317954,Santo Expedito do Sul,SU,RS,2395
4318002,São Borja,SU,RS,61311
4318051,São Domingos do Sul,SU,RS,2806
5108204,Torixoréu,CO,MT,4238
5108303,União do Sul,CO,MT,3904
5108352,Vale de São Domingos,CO,MT,2892
5108402,Várzea Grande,CO,MT,318922
5108501,Vera,CO,MT,10758
5108600,Vila Rica,CO,MT,19686
5108808,Nova Guarita,CO,MT,4546
5108857,Nova Marilândia,CO,MT,3731
5108907,Nova Maringá,CO,MT,5705
5108956,Nova Monte Verde,CO,MT,8470
5200050,Abadia de Goiás,CO,GO,22052
5200100,Abadiânia,CO,GO,17738
5200134,Acreúna,CO,GO,22079
5200159,Adelândia,CO,GO,2282
5200175,Água Fria de Goiás,CO,GO,4979
5200209,Água Limpa,CO,GO,1843
5200258,Águas Lindas de Goiás,CO,GO,245352
5200308,Alexânia,CO,GO,28244
5200506,Aloândia,CO,GO,1977
5200555,Alto Horizonte,CO,GO,6487
5200605,Alto Paraíso de Goiás,CO,GO,11182
5200803,Alvorada do Norte,CO,GO,8619
5200829,Amaralina,CO,GO,3267
5200852,Americano do Brasil,CO,GO,5260
5200902,Amorinópolis,CO,GO,2906
5201108,Anápolis,CO,GO,420300
5201207,Anhanguera,CO,GO,913
5201306,Anicuns,CO,GO,18306
5201405,Aparecida de Goiânia,CO,GO,556021
5201454,Aparecida do Rio Doce,CO,GO,3045
5201504,Aporé,CO,GO,4488
5201603,Araçu,CO,GO,3840
5201702,Aragarças,CO,GO,18601
5201801,Aragoiânia,CO,GO,12806
5202155,Araguapaz,CO,GO,7152
5202353,Arenópolis,CO,GO,2904
5202502,Aruanã,CO,GO,8570
5202601,Aurilândia,CO,GO,3237
5202809,Avelinópolis,CO,GO,2993
5203104,Baliza,CO,GO,3306
5203203,Barro Alto,CO,GO,10853
5203302,Bela Vista de Goiás,CO,GO,37305
5203401,Bom Jardim de Goiás,CO,GO,7775
5203500,Bom Jesus de Goiás,CO,GO,24925
5203559,Bonfinópolis,CO,GO,11025
5203575,Bonópolis,CO,GO,3289
5203609,Brazabrantes,CO,GO,4201
5203807,Britânia,CO,GO,5798
5203906,Buriti Alegre,CO,GO,10930
5203939,Buriti de Goiás,CO,GO,2800
5203962,Buritinópolis,CO,GO,3140
5204003,Cabeceiras,CO,GO,7689
5204102,Cachoeira Alta,CO,GO,11854
5204201,Cachoeira de Goiás,CO,GO,1417
5204250,Cachoeira Dourada,CO,GO,7762
5204300,Caçu,CO,GO,14034
5204409,Caiapônia,CO,GO,16628
5204508,Caldas Novas,CO,GO,106820
5204557,Caldazinha,CO,GO,4819
5204607,Campestre de Goiás,CO,GO,3879
5204656,Campinaçu,CO,GO,3760
5204706,Campinorte,CO,GO,12983
5204805,Campo Alegre de Goiás,CO,GO,7807
5204854,Campo Limpo de Goiás,CO,GO,8579
5204904,Campos Belos,CO,GO,18227
5204953,Campos Verdes,CO,GO,3822
5205000,Carmo do Rio Verde,CO,GO,9988
5205059,Castelândia,CO,GO,2871
5205109,Catalão,CO,GO,122760
5205208,Caturaí,CO,GO,5352
5205307,Cavalcante,CO,GO,9730
5205406,Ceres,CO,GO,22570
5205455,Cezarina,CO,GO,8301
5205471,Chapadão do Céu,CO,GO,14321
5205497,Cidade Ocidental,CO,GO,101570
5205513,Cocalzinho de Goiás,CO,GO,27196
5205521,Colinas do Sul,CO,GO,4188
5205703,Córrego do Ouro,CO,GO,2441
5205802,Corumbá de Goiás,CO,GO,10724
5205901,Corumbaíba,CO,GO,9484
5206206,Cristalina,CO,GO,66827
5206305,Cristianópolis,CO,GO,3670
5206404,Crixás,CO,GO,17532
5206503,Cromínia,CO,GO,3999
5206602,Cumari,CO,GO,2951
5206701,Damianópolis,CO,GO,3917
5206800,Damolândia,CO,GO,2753
5206909,Davinópolis,CO,GO,1889
5207105,Diorama,CO,GO,1991
5207253,Doverlândia,CO,GO,6823
5207352,Edealina,CO,GO,4104
5207402,Edéia,CO,GO,11982
5207501,Estrela do Norte,CO,GO,3214
5207535,Faina,CO,GO,7167
5207600,Fazenda Nova,CO,GO,5842
5207808,Firminópolis,CO,GO,10274
5207907,Flores de Goiás,CO,GO,14273
5208004,Formosa,CO,GO,121559
5208103,Formoso,CO,GO,4662
5208152,Gameleira de Goiás,CO,GO,3563
5208301,Divinópolis de Goiás,CO,GO,4405
5208400,Goianápolis,CO,GO,14758
5208509,Goiandira,CO,GO,4962
5208608,Goianésia,CO,GO,78009
5208707,Goiânia,CO,GO,1503256
5208806,Goianira,CO,GO,81495
5208905,Goiás,CO,GO,24172
5209101,Goiatuba,CO,GO,36984
4318101,São Francisco de Assis,SU,RS,17934
4318200,São Francisco de Paula,SU,RS,22388
4318309,São Gabriel,SU,RS,60090
4318408,São Jerônimo,SU,RS,21412
4318424,São João da Urtiga,SU,RS,4547
4318432,São João do Polêsine,SU,RS,2708
4318440,São Jorge,SU,RS,2976
4318457,São José das Missões,SU,RS,2399
4318465,São José do Herval,SU,RS,1931
4318481,São José do Hortêncio,SU,RS,4555
4318499,São José do Inhacorá,SU,RS,2466
4318507,São José do Norte,SU,RS,26248
4318606,São José do Ouro,SU,RS,6978
4318614,São José do Sul,SU,RS,2443
4318622,São José dos Ausentes,SU,RS,4295
4318705,São Leopoldo,SU,RS,225737
4318804,São Lourenço do Sul,SU,RS,43278
4318903,São Luiz Gonzaga,SU,RS,35865
4319000,São Marcos,SU,RS,21549
4319109,São Martinho,SU,RS,5587
4319125,São Martinho da Serra,SU,RS,2908
4319158,São Miguel das Missões,SU,RS,7193
4319208,São Nicolau,SU,RS,5243
4319307,São Paulo das Missões,SU,RS,5943
4319356,São Pedro da Serra,SU,RS,3618
4319364,São Pedro das Missões,SU,RS,1790
4319372,São Pedro do Butiá,SU,RS,3142
4319406,São Pedro do Sul,SU,RS,15863
4319505,São Sebastião do Caí,SU,RS,24898
4319604,São Sepé,SU,RS,21551
4319703,São Valentim,SU,RS,3320
4319711,São Valentim do Sul,SU,RS,2255
4319737,São Valério do Sul,SU,RS,2593
4319752,São Vendelino,SU,RS,2309
4319802,São Vicente do Sul,SU,RS,8257
4319901,Sapiranga,SU,RS,77935
4320008,Sapucaia do Sul,SU,RS,136572
4320107,Sarandi,SU,RS,23374
4320206,Seberi,SU,RS,12325
4320230,Sede Nova,SU,RS,2750
4320263,Segredo,SU,RS,6098
4320305,Selbach,SU,RS,5222
4320321,Senador Salgado Filho,SU,RS,2725
4320354,Sentinela do Sul,SU,RS,5424
4320404,Serafina Corrêa,SU,RS,17407
4320453,Sério,SU,RS,2089
4320503,Sertão,SU,RS,5630
4320552,Sertão Santana,SU,RS,5989
4320578,Sete de Setembro,SU,RS,1881
4320602,Severiano de Almeida,SU,RS,3463
4320651,Silveira Martins,SU,RS,2056
4320677,Sinimbu,SU,RS,8685
4320701,Sobradinho,SU,RS,14512
4320800,Soledade,SU,RS,30939
4320859,Tabaí,SU,RS,4569
4320909,Tapejara,SU,RS,25256
4321006,Tapera,SU,RS,10824
4321105,Tapes,SU,RS,14920
4321204,Taquara,SU,RS,54353
4321303,Taquari,SU,RS,25963
4321329,Taquaruçu do Sul,SU,RS,3192
4321352,Tavares,SU,RS,5319
4321402,Tenente Portela,SU,RS,14820
4321436,Terra de Areia,SU,RS,10575
4321451,Teutônia,SU,RS,34023
4321469,Tio Hugo,SU,RS,3358
4321477,Tiradentes do Sul,SU,RS,5188
4321493,Toropi,SU,RS,2594
4321501,Torres,SU,RS,43344
4321600,Tramandaí,SU,RS,56430
4321626,Travesseiro,SU,RS,2192
4321634,Três Arroios,SU,RS,2636
4321667,Três Cachoeiras,SU,RS,11224
4321709,Três Coroas,SU,RS,24428
4321808,Três de Maio,SU,RS,25466
4321832,Três Forquilhas,SU,RS,2813
4321857,Três Palmeiras,SU,RS,4829
4321907,Três Passos,SU,RS,26304
4321956,Trindade do Sul,SU,RS,7785
4322004,Triunfo,SU,RS,28435
4322103,Tucunduva,SU,RS,5646
4322152,Tunas,SU,RS,3732
4322186,Tupanci do Sul,SU,RS,1396
4322202,Tupanciretã,SU,RS,20324
4322251,Tupandi,SU,RS,5172
4322301,Tuparendi,SU,RS,8535
4322327,Turuçu,SU,RS,3488
4322343,Ubiretama,SU,RS,2025
4322350,União da Serra,SU,RS,1183
4322376,Unistalda,SU,RS,2047
4322400,Uruguaiana,SU,RS,120819
4322509,Vacaria,SU,RS,66146
4322525,Vale Verde,SU,RS,3213
4322533,Vale do Sol,SU,RS,10069
4322541,Vale Real,SU,RS,6223
4322558,Vanini,SU,RS,2047
4322608,Venâncio Aires,SU,RS,70842
4322707,Vera Cruz,SU,RS,27670
4322806,Veranópolis,SU,RS,24554
4322855,Vespasiano Corrêa,SU,RS,1851
4322905,Viadutos,SU,RS,4847
4323002,Viamão,SU,RS,231996
4323101,Vicente Dutra,SU,RS,4741
4323200,Victor Graeff,SU,RS,2829
4323309,Vila Flores,SU,RS,3741
4323358,Vila Lângaro,SU,RS,2121
4323408,Vila Maria,SU,RS,4515
4323457,Vila Nova do Sul,SU,RS,3932
4323507,Vista Alegre,SU,RS,2710
4323606,Vista Alegre do Prata,SU,RS,1624
4323705,Vista Gaúcha,SU,RS,2843
4323754,Vitória das Missões,SU,RS,3316
4323770,Westfália,SU,RS,3223
4323804,Xangri-lá,SU,RS,16949
5000203,Água Clara,CO,MS,17901
5000252,Alcinópolis,CO,MS,4649
5000609,Amambai,CO,MS,41751
5000708,Anastácio,CO,MS,24781
5000807,Anaurilândia,CO,MS,7688
5000856,Angélica,CO,MS,11308
5000906,Antônio João,CO,MS,9717
5001003,Aparecida do Taboado,CO,MS,29826
5001102,Aquidauana,CO,MS,48689
5001243,Aral Moreira,CO,MS,11125
5001508,Bandeirantes,CO,MS,8342
5001904,Bataguassu,CO,MS,24222
5002001,Batayporã,CO,MS,10947
5002100,Bela Vista,CO,MS,21881
5002159,Bodoquena,CO,MS,8887
5002209,Bonito,CO,MS,25034
5002308,Brasilândia,CO,MS,11833
5002407,Caarapó,CO,MS,32748
5002605,Camapuã,CO,MS,13928
5002704,Campo Grande,CO,MS,962883
5002803,Caracol,CO,MS,5096
5002902,Cassilândia,CO,MS,21565
5002951,Chapadão do Sul,CO,MS,34606
5003108,Corguinho,CO,MS,4892
5003157,Coronel Sapucaia,CO,MS,14685
5003207,Corumbá,CO,MS,98751
5003256,Costa Rica,CO,MS,28740
5003306,Coxim,CO,MS,33440
5003454,Deodápolis,CO,MS,14317
5003488,Dois Irmãos do Buriti,CO,MS,11521
5003504,Douradina,CO,MS,5768
5003702,Dourados,CO,MS,264017
5003751,Eldorado,CO,MS,11622
5003801,Fátima do Sul,CO,MS,21504
5003900,Figueirão,CO,MS,3751
5004007,Glória de Dourados,CO,MS,10817
5004106,Guia Lopes da Laguna,CO,MS,10116
5004304,Iguatemi,CO,MS,13960
5004403,Inocência,CO,MS,8764
5004502,Itaporã,CO,MS,25263
5004601,Itaquiraí,CO,MS,20060
5004700,Ivinhema,CO,MS,30001
5004809,Japorã,CO,MS,8441
5004908,Jaraguari,CO,MS,7480
5005004,Jardim,CO,MS,24504
5005103,Jateí,CO,MS,3596
5005152,Juti,CO,MS,7067
5005202,Ladário,CO,MS,22425
5005251,Laguna Carapã,CO,MS,7037
5005400,Maracaju,CO,MS,48073
5005608,Miranda,CO,MS,26512
5005681,Mundo Novo,CO,MS,20087
5005707,Naviraí,CO,MS,53014
5005806,Nioaque,CO,MS,13354
5006002,Nova Alvorada do Sul,CO,MS,23409
5006200,Nova Andradina,CO,MS,50848
5006259,Novo Horizonte do Sul,CO,MS,4801
5006309,Paranaíba,CO,MS,42638
5006358,Paranhos,CO,MS,13368
5006408,Pedro Gomes,CO,MS,6910
5006606,Ponta Porã,CO,MS,98598
5006903,Porto Murtinho,CO,MS,12721
5007109,Ribas do Rio Pardo,CO,MS,24152
5007208,Rio Brilhante,CO,MS,40419
5007307,Rio Negro,CO,MS,4921
5007406,Rio Verde de Mato Grosso,CO,MS,20454
5007505,Rochedo,CO,MS,5451
5007554,Santa Rita do Pardo,CO,MS,7165
5007695,São Gabriel do Oeste,CO,MS,32207
5007703,Sete Quedas,CO,MS,11322
5007802,Selvíria,CO,MS,8716
5007901,Sidrolândia,CO,MS,49735
5007935,Sonora,CO,MS,14813
5007950,Tacuru,CO,MS,11205
5007976,Taquarussu,CO,MS,3740
5008008,Terenos,CO,MS,18182
5008305,Três Lagoas,CO,MS,143523
5008404,Vicentina,CO,MS,6505
5100102,Acorizal,CO,MT,4948
5100201,Água Boa,CO,MT,32099
5100250,Alta Floresta,CO,MT,62158
5100300,Alto Araguaia,CO,MT,17751
5100359,Alto Boa Vista,CO,MT,5920
5100409,Alto Garças,CO,MT,13956
5100508,Alto Paraguai,CO,MT,7525
5100607,Alto Taquari,CO,MT,11877
5100805,Apiacás,CO,MT,8693
5101001,Araguaiana,CO,MT,4005
5101209,Araguainha,CO,MT,997
5101258,Araputanga,CO,MT,14805
5101308,Arenápolis,CO,MT,10769
5101407,Aripuanã,CO,MT,26558
5101605,Barão de Melgaço,CO,MT,7137
5101704,Barra do Bugres,CO,MT,29406
5101803,Barra do Garças,CO,MT,73878
5101852,Bom Jesus do Araguaia,CO,MT,7912
5101902,Brasnorte,CO,MT,17645
5102504,Cáceres,CO,MT,91767
5102603,Campinápolis,CO,MT,15808
5102637,Campo Novo do Parecis,CO,MT,51722
5102678,Campo Verde,CO,MT,49053
5102686,Campos de Júlio,CO,MT,9946
5102694,Canabrava do Norte,CO,MT,4451
5102702,Canarana,CO,MT,28324
5102793,Carlinda,CO,MT,10260
5102850,Castanheira,CO,MT,7392
5103007,Chapada dos Guimarães,CO,MT,19458
5103056,Cláudia,CO,MT,9301
5103106,Cocalinho,CO,MT,6495
5103205,Colíder,CO,MT,32054
5103254,Colniza,CO,MT,26026
5103304,Comodoro,CO,MT,18469
5103353,Confresa,CO,MT,38460
5103361,Conquista D'Oeste,CO,MT,3908
5103379,Cotriguaçu,CO,MT,10030
5103403,Cuiabá,CO,MT,691875
5103437,Curvelândia,CO,MT,4970
5103452,Denise,CO,MT,6675
5103502,Diamantino,CO,MT,22623
5103601,Dom Aquino,CO,MT,7890
5103700,Feliz Natal,CO,MT,10523
5103809,Figueirópolis D'Oeste,CO,MT,3056
5103858,Gaúcha do Norte,CO,MT,9397
5103908,General Carneiro,CO,MT,6319
5103957,Glória D'Oeste,CO,MT,2878
5104104,Guarantã do Norte,CO,MT,31209
5104203,Guiratinga,CO,MT,10252
5104500,Indiavaí,CO,MT,2172
5104526,Ipiranga do Norte,CO,MT,8658
5104542,Itanhangá,CO,MT,8257
5104559,Itaúba,CO,MT,5201
5104609,Itiquira,CO,MT,12587
5104807,Jaciara,CO,MT,29803
5104906,Jangada,CO,MT,7413
5105002,Jauru,CO,MT,7881
5105101,Juara,CO,MT,36089
5105150,Juína,CO,MT,48396
5105176,Juruena,CO,MT,10057
5105200,Juscimeira,CO,MT,11622
5105234,Lambari D'Oeste,CO,MT,4662
5105259,Lucas do Rio Verde,CO,MT,95792
5105309,Luciara,CO,MT,2616
5105507,Vila Bela da Santíssima Trindade,CO,MT,17592
5105580,Marcelândia,CO,MT,11355
5105606,Matupá,CO,MT,21959
5105622,Mirassol d'Oeste,CO,MT,27637
5105903,Nobres,CO,MT,15796
5106000,Nortelândia,CO,MT,5890
5106109,Nossa Senhora do Livramento,CO,MT,11658
5106158,Nova Bandeirantes,CO,MT,14340
5106174,Nova Nazaré,CO,MT,4575
5106182,Nova Lacerda,CO,MT,7072
5106190,Nova Santa Helena,CO,MT,4502
5106208,Nova Brasilândia,CO,MT,3791
5106216,Nova Canaã do Norte,CO,MT,11734
5106224,Nova Mutum,CO,MT,63455
5106232,Nova Olímpia,CO,MT,16204
5106240,Nova Ubiratã,CO,MT,9760
5106257,Nova Xavantina,CO,MT,25915
5106265,Novo Mundo,CO,MT,6368
5106273,Novo Horizonte do Norte,CO,MT,3267
5106281,Novo São Joaquim,CO,MT,7239
5106299,Paranaíta,CO,MT,12079
5106307,Paranatinga,CO,MT,28870
5106315,Novo Santo Antônio,CO,MT,2041
5106372,Pedra Preta,CO,MT,18946
5106422,Peixoto de Azevedo,CO,MT,33754
5106455,Planalto da Serra,CO,MT,3328
5106505,Poconé,CO,MT,31203
5106653,Pontal do Araguaia,CO,MT,7441
5106703,Ponte Branca,CO,MT,2098
5106752,Pontes e Lacerda,CO,MT,55762
5106778,Porto Alegre do Norte,CO,MT,12649
5106802,Porto dos Gaúchos,CO,MT,5705
5106828,Porto Esperidião,CO,MT,10088
5106851,Porto Estrela,CO,MT,3141
5107008,Poxoréu,CO,MT,25103
5107040,Primavera do Leste,CO,MT,96006
5107065,Querência,CO,MT,31100
5107107,São José dos Quatro Marcos,CO,MT,17721
5107156,Reserva do Cabaçal,CO,MT,2020
5107180,Ribeirão Cascalheira,CO,MT,10541
5107198,Ribeirãozinho,CO,MT,2733
5107206,Rio Branco,CO,MT,4440
5107248,Santa Carmem,CO,MT,5795
5107263,Santo Afonso,CO,MT,2416
5107297,São José do Povo,CO,MT,2716
5107305,São José do Rio Claro,CO,MT,14455
5107354,São José do Xingu,CO,MT,6234
5107404,São Pedro da Cipa,CO,MT,4250
5107578,Rondolândia,CO,MT,3518
5107602,Rondonópolis,CO,MT,263708
5107701,Rosário Oeste,CO,MT,15041
5107743,Santa Cruz do Xingu,CO,MT,2904
5107750,Salto do Céu,CO,MT,3657
5107768,Santa Rita do Trivelato,CO,MT,3536
5107776,Santa Terezinha,CO,MT,7737
5107792,Santo Antônio do Leste,CO,MT,4244
5107800,Santo Antônio do Leverger,CO,MT,16839
5107859,São Félix do Araguaia,CO,MT,14604
5107875,Sapezal,CO,MT,32514
5107883,Serra Nova Dourada,CO,MT,1941
5107909,Sinop,CO,MT,223780
5107925,Sorriso,CO,MT,124665
5107941,Tabaporã,CO,MT,9895
5107958,Tangará da Serra,CO,MT,114603
5108006,Tapurah,CO,MT,15638
5108055,Terra Nova do Norte,CO,MT,10591
5108105,Tesouro,CO,MT,2935
4302709,Butiá,SU,RS,19421
4302808,Caçapava do Sul,SU,RS,33501
4302907,Cacequi,SU,RS,11300
4303004,Cachoeira do Sul,SU,RS,82222
4303103,Cachoeirinha,SU,RS,141503
4303202,Cacique Doble,SU,RS,4692
4303301,Caibaté,SU,RS,4795
4303400,Caiçara,SU,RS,4931
4303509,Camaquã,SU,RS,63961
4303558,Camargo,SU,RS,3060
4303608,Cambará do Sul,SU,RS,6490
4303673,Campestre da Serra,SU,RS,3311
4303707,Campina das Missões,SU,RS,5999
4303806,Campinas do Sul,SU,RS,5388
4303905,Campo Bom,SU,RS,64719
4304002,Campo Novo,SU,RS,5063
4304101,Campos Borges,SU,RS,3695
4304200,Candelária,SU,RS,29775
4304309,Cândido Godói,SU,RS,6419
4304358,Candiota,SU,RS,11012
4304408,Canela,SU,RS,50715
4304507,Canguçu,SU,RS,50968
4304606,Canoas,SU,RS,359840
4304614,Canudos do Vale,SU,RS,1686
4304622,Capão Bonito do Sul,SU,RS,1769
4304630,Capão da Canoa,SU,RS,66234
4304655,Capão do Cipó,SU,RS,3187
4304663,Capão do Leão,SU,RS,27416
4304671,Capivari do Sul,SU,RS,4080
4304689,Capela de Santana,SU,RS,11424
4304697,Capitão,SU,RS,2994
4304705,Carazinho,SU,RS,63670
4304713,Caraá,SU,RS,7555
4304804,Carlos Barbosa,SU,RS,31585
4304853,Carlos Gomes,SU,RS,1384
4304903,Casca,SU,RS,9698
4304952,Caseiros,SU,RS,3064
4305009,Catuípe,SU,RS,8834
4305108,Caxias do Sul,SU,RS,479599
4305116,Centenário,SU,RS,2777
4305124,Cerrito,SU,RS,5910
4305132,Cerro Branco,SU,RS,3859
4305157,Cerro Grande,SU,RS,2428
4305173,Cerro Grande do Sul,SU,RS,9333
4305207,Cerro Largo,SU,RS,14014
4305306,Chapada,SU,RS,9751
4305355,Charqueadas,SU,RS,36110
4305371,Charrua,SU,RS,2800
4305405,Chiapetta,SU,RS,3991
4305439,Chuí,SU,RS,6409
4305447,Chuvisca,SU,RS,4682
4305454,Cidreira,SU,RS,17583
4305504,Ciríaco,SU,RS,4208
4305587,Colinas,SU,RS,2474
4305603,Colorado,SU,RS,3316
4305702,Condor,SU,RS,6538
4305801,Constantina,SU,RS,10631
4305835,Coqueiro Baixo,SU,RS,1308
4305850,Coqueiros do Sul,SU,RS,2248
4305871,Coronel Barros,SU,RS,2896
4305900,Coronel Bicaco,SU,RS,6214
4305934,Coronel Pilar,SU,RS,1637
4305959,Cotiporã,SU,RS,3926
4305975,Coxilha,SU,RS,2718
4306007,Crissiumal,SU,RS,13116
4306056,Cristal,SU,RS,7455
4306072,Cristal do Sul,SU,RS,2745
4306106,Cruz Alta,SU,RS,60454
4306130,Cruzaltense,SU,RS,1650
4306205,Cruzeiro do Sul,SU,RS,12574
4306304,David Canabarro,SU,RS,4400
4306320,Derrubadas,SU,RS,2793
4306353,Dezesseis de Novembro,SU,RS,2540
4306379,Dilermando de Aguiar,SU,RS,2856
4306403,Dois Irmãos,SU,RS,31804
4306429,Dois Irmãos das Missões,SU,RS,2132
4306452,Dois Lajeados,SU,RS,3156
4306502,Dom Feliciano,SU,RS,13280
4306551,Dom Pedro de Alcântara,SU,RS,2617
4306601,Dom Pedrito,SU,RS,38080
4306700,Dona Francisca,SU,RS,3133
4306734,Doutor Maurício Cardoso,SU,RS,4534
4306759,Doutor Ricardo,SU,RS,1924
4306767,Eldorado do Sul,SU,RS,41012
4306809,Encantado,SU,RS,23520
4306908,Encruzilhada do Sul,SU,RS,24275
4306924,Engenho Velho,SU,RS,1315
4306932,Entre-Ijuís,SU,RS,9367
4306957,Entre Rios do Sul,SU,RS,2727
4306973,Erebango,SU,RS,3122
4307005,Erechim,SU,RS,109609
4307054,Ernestina,SU,RS,3097
4307104,Herval,SU,RS,6302
4307203,Erval Grande,SU,RS,5027
4307302,Erval Seco,SU,RS,6892
4307401,Esmeralda,SU,RS,3264
4307450,Esperança do Sul,SU,RS,3293
4307500,Espumoso,SU,RS,15478
4307559,Estação,SU,RS,5685
4307609,Estância Velha,SU,RS,49499
4307708,Esteio,SU,RS,78144
4307807,Estrela,SU,RS,33263
4307815,Estrela Velha,SU,RS,3115
4307831,Eugênio de Castro,SU,RS,2683
4307864,Fagundes Varela,SU,RS,2620
4307906,Farroupilha,SU,RS,72552
4308003,Faxinal do Soturno,SU,RS,6846
4308052,Faxinalzinho,SU,RS,2572
4308078,Fazenda Vilanova,SU,RS,4405
4220000,Balneário Rincão,SU,SC,17697
5209150,Gouvelândia,CO,GO,4313
5209200,Guapó,CO,GO,20985
5209291,Guaraíta,CO,GO,2170
5209408,Guarani de Goiás,CO,GO,4091
5209457,Guarinos,CO,GO,2154
5209606,Heitoraí,CO,GO,3342
5209705,Hidrolândia,CO,GO,30587
5209804,Hidrolina,CO,GO,3477
5209903,Iaciara,CO,GO,10289
5209937,Inaciolândia,CO,GO,6076
5209952,Indiara,CO,GO,17985
5210000,Inhumas,CO,GO,53884
5210109,Ipameri,CO,GO,26223
5210158,Ipiranga de Goiás,CO,GO,2968
5210208,Iporá,CO,GO,37283
5210307,Israelândia,CO,GO,2515
5210406,Itaberaí,CO,GO,47603
5210562,Itaguari,CO,GO,5120
5210604,Itaguaru,CO,GO,4837
5210802,Itajá,CO,GO,4276
5210901,Itapaci,CO,GO,21891
5211008,Itapirapuã,CO,GO,8133
5211206,Itapuranga,CO,GO,26553
5211305,Itarumã,CO,GO,6124
5211404,Itauçu,CO,GO,7636
5211503,Itumbiara,CO,GO,113322
5211602,Ivolândia,CO,GO,2731
5211701,Jandaia,CO,GO,6365
5211800,Jaraguá,CO,GO,46633
5211909,Jataí,CO,GO,111634
5212006,Jaupaci,CO,GO,2939
5212055,Jesúpolis,CO,GO,2112
5212105,Joviânia,CO,GO,7247
5212204,Jussara,CO,GO,19926
5212253,Lagoa Santa,CO,GO,1435
5212303,Leopoldo de Bulhões,CO,GO,9123
5212501,Luziânia,CO,GO,221262
5212600,Mairipotaba,CO,GO,2631
5212709,Mambaí,CO,GO,8493
5212808,Mara Rosa,CO,GO,10806
5212907,Marzagão,CO,GO,2942
5212956,Matrinchã,CO,GO,4004
5213004,Maurilândia,CO,GO,10145
5213053,Mimoso de Goiás,CO,GO,2626
5213087,Minaçu,CO,GO,26616
5213103,Mineiros,CO,GO,74999
5213400,Moiporá,CO,GO,1687
5213509,Monte Alegre de Goiás,CO,GO,6534
5213707,Montes Claros de Goiás,CO,GO,9024
5213756,Montividiu,CO,GO,13094
5213772,Montividiu do Norte,CO,GO,3743
5213806,Morrinhos,CO,GO,54326
5213855,Morro Agudo de Goiás,CO,GO,2505
5213905,Mossâmedes,CO,GO,4626
5214002,Mozarlândia,CO,GO,15199
5214051,Mundo Novo,CO,GO,6202
5214101,Mutunópolis,CO,GO,3540
5214408,Nazário,CO,GO,8349
5214507,Nerópolis,CO,GO,34273
5214606,Niquelândia,CO,GO,33890
5214705,Nova América,CO,GO,2380
5214804,Nova Aurora,CO,GO,2132
5214838,Nova Crixás,CO,GO,13153
5214861,Nova Glória,CO,GO,8356
5214879,Nova Iguaçu de Goiás,CO,GO,3084
5214903,Nova Roma,CO,GO,3022
5215009,Nova Veneza,CO,GO,9883
5215207,Novo Brasil,CO,GO,3567
5215231,Novo Gama,CO,GO,107663
5215256,Novo Planalto,CO,GO,3703
5215306,Orizona,CO,GO,17035
5215405,Ouro Verde de Goiás,CO,GO,4109
5215504,Ouvidor,CO,GO,7665
5215603,Padre Bernardo,CO,GO,37207
5215652,Palestina de Goiás,CO,GO,3113
5215702,Palmeiras de Goiás,CO,GO,34375
5215801,Palmelo,CO,GO,2266
5215900,Palminópolis,CO,GO,3959
5216007,Panamá,CO,GO,2432
5216304,Paranaiguara,CO,GO,7356
5216403,Paraúna,CO,GO,10727
5216452,Perolândia,CO,GO,2999
5216809,Petrolina de Goiás,CO,GO,9519
5216908,Pilar de Goiás,CO,GO,2254
5217104,Piracanjuba,CO,GO,25373
5217203,Piranhas,CO,GO,11940
5217302,Pirenópolis,CO,GO,28028
5217401,Pires do Rio,CO,GO,33736
5217609,Planaltina,CO,GO,112304
5217708,Pontalina,CO,GO,18763
5218003,Porangatu,CO,GO,45512
5218052,Porteirão,CO,GO,4276
5218102,Portelândia,CO,GO,3191
5218300,Posse,CO,GO,36291
5218391,Professor Jamil,CO,GO,3750
5218508,Quirinópolis,CO,GO,50329
5218607,Rialma,CO,GO,12665
5218706,Rianápolis,CO,GO,3893
5218789,Rio Quente,CO,GO,4033
5218805,Rio Verde,CO,GO,241494
5218904,Rubiataba,CO,GO,20186
5219001,Sanclerlândia,CO,GO,8085
5219100,Santa Bárbara de Goiás,CO,GO,6306
5219209,Santa Cruz de Goiás,CO,GO,3004
5219258,Santa Fé de Goiás,CO,GO,5047
5219308,Santa Helena de Goiás,CO,GO,39601
5219357,Santa Isabel,CO,GO,3543
5219407,Santa Rita do Araguaia,CO,GO,5765
5219456,Santa Rita do Novo Destino,CO,GO,2611
5219506,Santa Rosa de Goiás,CO,GO,2828
5219605,Santa Tereza de Goiás,CO,GO,3172
5219704,Santa Terezinha de Goiás,CO,GO,10837
5219712,Santo Antônio da Barra,CO,GO,4279
5219738,Santo Antônio de Goiás,CO,GO,8066
5219753,Santo Antônio do Descoberto,CO,GO,75221
5219803,São Domingos,CO,GO,9457
5219902,São Francisco de Goiás,CO,GO,6507
5220009,São João d'Aliança,CO,GO,15026
5220058,São João da Paraúna,CO,GO,1812
5220108,São Luís de Montes Belos,CO,GO,35288
5220157,São Luiz do Norte,CO,GO,4939
5220207,São Miguel do Araguaia,CO,GO,22040
5220264,São Miguel do Passa Quatro,CO,GO,4671
5220280,São Patrício,CO,GO,2200
5220405,São Simão,CO,GO,17181
5220454,Senador Canedo,CO,GO,175042
5220504,Serranópolis,CO,GO,8237
5220603,Silvânia,CO,GO,23150
5220686,Simolândia,CO,GO,5634
5220702,Sítio d'Abadia,CO,GO,2978
5221007,Taquaral de Goiás,CO,GO,4180
5221080,Teresina de Goiás,CO,GO,2660
5221197,Terezópolis de Goiás,CO,GO,8340
5221304,Três Ranchos,CO,GO,2976
5221403,Trindade,CO,GO,153560
5221452,Trombas,CO,GO,3080
5221502,Turvânia,CO,GO,4449
2112605,Urbano Santos,NE,MA,34143
2112704,Vargem Grande,NE,MA,44444
2112803,Viana,NE,MA,53176
2112852,Vila Nova dos Martírios,NE,MA,10561
2112902,Vitória do Mearim,NE,MA,31859
2113009,Vitorino Freire,NE,MA,31920
2114007,Zé Doca,NE,MA,41815
2200053,Acauã,NE,PI,6323
2200103,Agricolândia,NE,PI,5016
2200202,Água Branca,NE,PI,18095
2200251,Alagoinha do Piauí,NE,PI,6876
2200277,Alegrete do Piauí,NE,PI,4707
2200301,Alto Longá,NE,PI,13729
2200400,Altos,NE,PI,50094
2200459,Alvorada do Gurguéia,NE,PI,5474
2200509,Amarante,NE,PI,17594
2200608,Angical do Piauí,NE,PI,6991
2200707,Anísio de Abreu,NE,PI,9649
2200806,Antônio Almeida,NE,PI,3234
2200905,Aroazes,NE,PI,5413
2200954,Aroeiras do Itaim,NE,PI,2777
2201002,Arraial,NE,PI,4517
2201051,Assunção do Piauí,NE,PI,7596
2201101,Avelino Lopes,NE,PI,11118
2201150,Baixa Grande do Ribeiro,NE,PI,13983
2201176,Barra D'Alcântara,NE,PI,4099
2201200,Barras,NE,PI,49703
2201309,Barreiras do Piauí,NE,PI,3336
2201408,Barro Duro,NE,PI,6731
2201507,Batalha,NE,PI,27129
2201556,Bela Vista do Piauí,NE,PI,4225
2201572,Belém do Piauí,NE,PI,3515
2201606,Beneditinos,NE,PI,10093
2201705,Bertolínia,NE,PI,5715
2201739,Betânia do Piauí,NE,PI,6596
2201770,Boa Hora,NE,PI,7140
2201804,Bocaina,NE,PI,4118
2201903,Bom Jesus,NE,PI,30658
2201919,Bom Princípio do Piauí,NE,PI,5805
2201929,Bonfim do Piauí,NE,PI,6117
2201945,Boqueirão do Piauí,NE,PI,6751
2201960,Brasileira,NE,PI,8684
2201988,Brejo do Piauí,NE,PI,3964
2202000,Buriti dos Lopes,NE,PI,20130
2202026,Buriti dos Montes,NE,PI,7517
2202059,Cabeceiras do Piauí,NE,PI,10466
2202075,Cajazeiras do Piauí,NE,PI,3135
2202083,Cajueiro da Praia,NE,PI,8246
2202091,Caldeirão Grande do Piauí,NE,PI,5602
2202109,Campinas do Piauí,NE,PI,4964
2202117,Campo Alegre do Fidalgo,NE,PI,4698
2202133,Campo Grande do Piauí,NE,PI,6211
2202174,Campo Largo do Piauí,NE,PI,7669
2202208,Campo Maior,NE,PI,47119
2202251,Canavieira,NE,PI,3404
2202307,Canto do Buriti,NE,PI,19639
2202406,Capitão de Campos,NE,PI,11362
2202455,Capitão Gervásio Oliveira,NE,PI,4071
2202505,Caracol,NE,PI,10546
2202539,Caraúbas do Piauí,NE,PI,5581
2202554,Caridade do Piauí,NE,PI,5176
2202604,Castelo do Piauí,NE,PI,19669
2202653,Caxingó,NE,PI,5682
2202703,Cocal,NE,PI,29302
2202711,Cocal de Telha,NE,PI,5046
2202729,Cocal dos Alves,NE,PI,6596
2202737,Coivaras,NE,PI,4249
2202752,Colônia do Gurguéia,NE,PI,6294
2202778,Colônia do Piauí,NE,PI,7067
2202802,Conceição do Canindé,NE,PI,5078
2202851,Coronel José Dias,NE,PI,4291
2202901,Corrente,NE,PI,28381
2203008,Cristalândia do Piauí,NE,PI,7431
2203107,Cristino Castro,NE,PI,10801
2203206,Curimatá,NE,PI,11581
2203230,Currais,NE,PI,4977
2203255,Curralinhos,NE,PI,4555
2203271,Curral Novo do Piauí,NE,PI,5191
2203305,Demerval Lobão,NE,PI,17139
2203354,Dirceu Arcoverde,NE,PI,7259
2203404,Dom Expedito Lopes,NE,PI,6410
2203420,Domingos Mourão,NE,PI,4129
2203453,Dom Inocêncio,NE,PI,9332
2203503,Elesbão Veloso,NE,PI,13743
2203602,Eliseu Martins,NE,PI,4421
2203701,Esperantina,NE,PI,42710
2203750,Fartura do Piauí,NE,PI,5426
2203800,Flores do Piauí,NE,PI,4512
2203859,Floresta do Piauí,NE,PI,2354
2203909,Floriano,NE,PI,64393
2204006,Francinópolis,NE,PI,4481
2204105,Francisco Ayres,NE,PI,4548
2204154,Francisco Macedo,NE,PI,2985
2204204,Francisco Santos,NE,PI,8349
2204303,Fronteiras,NE,PI,10344
2204352,Geminiano,NE,PI,5604
2204402,Gilbués,NE,PI,11193
2204501,Guadalupe,NE,PI,10480
2204550,Guaribas,NE,PI,4344
2204600,Hugo Napoleão,NE,PI,3550
2204659,Ilha Grande,NE,PI,9522
2204709,Inhuma,NE,PI,15268
2204808,Ipiranga do Piauí,NE,PI,9627
2204907,Isaías Coelho,NE,PI,7867
2205003,Itainópolis,NE,PI,10969
2205102,Itaueira,NE,PI,10477
2205151,Jacobina do Piauí,NE,PI,5711
2205201,Jaicós,NE,PI,17789
2205250,Jardim do Mulato,NE,PI,4235
2205276,Jatobá do Piauí,NE,PI,4560
2205300,Jerumenha,NE,PI,4606
2205359,João Costa,NE,PI,3033
2205409,Joaquim Pires,NE,PI,14265
2205458,Joca Marques,NE,PI,5552
2205508,José de Freitas,NE,PI,44689
2205516,Juazeiro do Piauí,NE,PI,5308
2205524,Júlio Borges,NE,PI,5501
2205532,Jurema,NE,PI,4501
2205540,Lagoinha do Piauí,NE,PI,3044
2205557,Lagoa Alegre,NE,PI,8464
2205565,Lagoa do Barro do Piauí,NE,PI,5171
2205573,Lagoa de São Francisco,NE,PI,6446
2205581,Lagoa do Piauí,NE,PI,5017
2205599,Lagoa do Sítio,NE,PI,4559
2205607,Landri Sales,NE,PI,5309
2205706,Luís Correia,NE,PI,31901
2205805,Luzilândia,NE,PI,26143
2205854,Madeiro,NE,PI,8231
2205904,Manoel Emídio,NE,PI,5315
2205953,Marcolândia,NE,PI,8822
2206001,Marcos Parente,NE,PI,4863
2206050,Massapê do Piauí,NE,PI,5165
2206100,Matias Olímpio,NE,PI,10886
2206209,Miguel Alves,NE,PI,33074
2206308,Miguel Leão,NE,PI,1355
2206357,Milton Brandão,NE,PI,6681
2206407,Monsenhor Gil,NE,PI,10513
2206506,Monsenhor Hipólito,NE,PI,7762
2206605,Monte Alegre do Piauí,NE,PI,10928
2206654,Morro Cabeça no Tempo,NE,PI,4456
2206670,Morro do Chapéu do Piauí,NE,PI,6548
2206696,Murici dos Portelas,NE,PI,10210
2206704,Nazaré do Piauí,NE,PI,6697
2206720,Nazária,NE,PI,10821
2206753,Nossa Senhora de Nazaré,NE,PI,5442
2206803,Nossa Senhora dos Remédios,NE,PI,8751
2206902,Novo Oriente do Piauí,NE,PI,6158
2206951,Novo Santo Antônio,NE,PI,2888
2207009,Oeiras,NE,PI,39687
2207108,Olho D'Água do Piauí,NE,PI,2730
2207207,Padre Marcos,NE,PI,6468
2207306,Paes Landim,NE,PI,4176
2207355,Pajeú do Piauí,NE,PI,3032
2207405,Palmeira do Piauí,NE,PI,5047
2207504,Palmeirais,NE,PI,13458
2207553,Paquetá,NE,PI,3873
2207603,Parnaguá,NE,PI,10282
2207702,Parnaíba,NE,PI,170491
2207751,Passagem Franca do Piauí,NE,PI,4222
2207777,Patos do Piauí,NE,PI,5427
2207793,Pau D'Arco do Piauí,NE,PI,3979
2207801,Paulistana,NE,PI,21633
2207850,Pavussu,NE,PI,3697
2207900,Pedro II,NE,PI,39072
2207934,Pedro Laurentino,NE,PI,2517
2207959,Nova Santa Rita,NE,PI,4142
2208007,Picos,NE,PI,86701
2208106,Pimenteiras,NE,PI,11487
2208205,Pio IX,NE,PI,17948
2208304,Piracuruca,NE,PI,29721
2208403,Piripiri,NE,PI,67887
2208502,Porto,NE,PI,12323
2208551,Porto Alegre do Piauí,NE,PI,2382
2208601,Prata do Piauí,NE,PI,3096
2208650,Queimada Nova,NE,PI,8948
2208700,Redenção do Gurguéia,NE,PI,8565
2208809,Regeneração,NE,PI,17400
2208858,Riacho Frio,NE,PI,4238
2208874,Ribeira do Piauí,NE,PI,4105
2208908,Ribeiro Gonçalves,NE,PI,6182
2209005,Rio Grande do Piauí,NE,PI,5845
2209104,Santa Cruz do Piauí,NE,PI,5872
2209153,Santa Cruz dos Milagres,NE,PI,3448
2209203,Santa Filomena,NE,PI,6210
2209302,Santa Luz,NE,PI,5418
2209351,Santana do Piauí,NE,PI,4159
2209377,Santa Rosa do Piauí,NE,PI,4666
2209401,Santo Antônio de Lisboa,NE,PI,5930
2209450,Santo Antônio dos Milagres,NE,PI,2169
2209500,Santo Inácio do Piauí,NE,PI,3682
2209559,São Braz do Piauí,NE,PI,4454
2209609,São Félix do Piauí,NE,PI,2879
1718659,Rio da Conceição,NO,TO,1827
1718709,Rio dos Bois,NO,TO,2845
1718758,Rio Sono,NO,TO,4718
1718808,Sampaio,NO,TO,4397
1718840,Sandolândia,NO,TO,3900
1718865,Santa Fé do Araguaia,NO,TO,7533
1718881,Santa Maria do Tocantins,NO,TO,2716
1718899,Santa Rita do Tocantins,NO,TO,2299
1718907,Santa Rosa do Tocantins,NO,TO,4799
1719004,Santa Tereza do Tocantins,NO,TO,2907
1720002,Santa Terezinha do Tocantins,NO,TO,2461
1720101,São Bento do Tocantins,NO,TO,6004
1720150,São Félix do Tocantins,NO,TO,1897
1720200,São Miguel do Tocantins,NO,TO,14116
1720259,São Salvador do Tocantins,NO,TO,2356
1720309,São Sebastião do Tocantins,NO,TO,4182
1720499,São Valério,NO,TO,4554
1720655,Silvanópolis,NO,TO,5259
1720804,Sítio Novo do Tocantins,NO,TO,11446
1720853,Sucupira,NO,TO,1591
1720903,Taguatinga,NO,TO,14199
1720937,Taipas do Tocantins,NO,TO,2092
1720978,Talismã,NO,TO,2505
1721000,Palmas,NO,TO,328499
1721109,Tocantínia,NO,TO,7802
1721208,Tocantinópolis,NO,TO,23225
1721257,Tupirama,NO,TO,2024
1721307,Tupiratins,NO,TO,1886
1722081,Wanderlândia,NO,TO,10734
1722107,Xambioá,NO,TO,10636
2100055,Açailândia,NE,MA,110611
2100105,Afonso Cunha,NE,MA,6303
2100154,Água Doce do Maranhão,NE,MA,12461
2100204,Alcântara,NE,MA,18721
2100303,Aldeias Altas,NE,MA,23776
2100402,Altamira do Maranhão,NE,MA,6549
2100436,Alto Alegre do Maranhão,NE,MA,24528
2100477,Alto Alegre do Pindaré,NE,MA,26321
2100501,Alto Parnaíba,NE,MA,11392
2100550,Amapá do Maranhão,NE,MA,7380
2100600,Amarante do Maranhão,NE,MA,38335
2100709,Anajatuba,NE,MA,26250
2100808,Anapurus,NE,MA,14113
2100832,Apicum-Açu,NE,MA,18033
2100873,Araguanã,NE,MA,11297
2100907,Araioses,NE,MA,40231
2100956,Arame,NE,MA,26089
2101004,Arari,NE,MA,30555
2101103,Axixá,NE,MA,12091
2101202,Bacabal,NE,MA,107755
2101251,Bacabeira,NE,MA,17459
2101301,Bacuri,NE,MA,16591
2101350,Bacurituba,NE,MA,5375
2101400,Balsas,NE,MA,105974
2101509,Barão de Grajaú,NE,MA,19493
2101608,Barra do Corda,NE,MA,87757
2101707,Barreirinhas,NE,MA,68234
2101731,Belágua,NE,MA,8751
2101772,Bela Vista do Maranhão,NE,MA,12104
2101806,Benedito Leite,NE,MA,5599
2101905,Bequimão,NE,MA,19968
2101939,Bernardo do Mearim,NE,MA,5989
2101970,Boa Vista do Gurupi,NE,MA,7781
2102002,Bom Jardim,NE,MA,33936
2102036,Bom Jesus das Selvas,NE,MA,29606
2102077,Bom Lugar,NE,MA,12371
2102101,Brejo,NE,MA,35354
2102150,Brejo de Areia,NE,MA,9363
2102200,Buriti,NE,MA,30866
2102309,Buriti Bravo,NE,MA,22938
2102325,Buriticupu,NE,MA,56733
2102358,Buritirana,NE,MA,13125
2102374,Cachoeira Grande,NE,MA,10032
2102408,Cajapió,NE,MA,10336
2102507,Cajari,NE,MA,16680
2102556,Campestre do Maranhão,NE,MA,12536
2102606,Cândido Mendes,NE,MA,20440
2102705,Cantanhede,NE,MA,25059
2102754,Capinzal do Norte,NE,MA,11681
2102804,Carolina,NE,MA,24619
2102903,Carutapera,NE,MA,24906
2103000,Caxias,NE,MA,163546
2103109,Cedral,NE,MA,10446
2103125,Central do Maranhão,NE,MA,7220
2103158,Centro do Guilherme,NE,MA,12693
2103174,Centro Novo do Maranhão,NE,MA,16477
2103208,Chapadinha,NE,MA,84395
2103257,Cidelândia,NE,MA,13141
2103307,Codó,NE,MA,118283
2103406,Coelho Neto,NE,MA,42841
2103505,Colinas,NE,MA,41788
2103554,Conceição do Lago-Açu,NE,MA,15278
2103604,Coroatá,NE,MA,61337
2103703,Cururupu,NE,MA,32602
2103752,Davinópolis,NE,MA,14828
2103802,Dom Pedro,NE,MA,23594
2103901,Duque Bacelar,NE,MA,10443
2104008,Esperantinópolis,NE,MA,18734
2104057,Estreito,NE,MA,34321
2104073,Feira Nova do Maranhão,NE,MA,8237
2104081,Fernando Falcão,NE,MA,11219
2104099,Formosa da Serra Negra,NE,MA,18150
2104107,Fortaleza dos Nogueiras,NE,MA,12963
2104206,Fortuna,NE,MA,17347
2104305,Godofredo Viana,NE,MA,10424
2104404,Gonçalves Dias,NE,MA,17580
2927903,Santa Inês,NE,BA,10625
2928000,Santaluz,NE,BA,40066
2928059,Santa Luzia,NE,BA,14392
2928109,Santa Maria da Vitória,NE,BA,40474
2928208,Santana,NE,BA,25521
2928307,Santanópolis,NE,BA,9035
2928406,Santa Rita de Cássia,NE,BA,28890
2928505,Santa Teresinha,NE,BA,10882
2928604,Santo Amaro,NE,BA,58398
2928703,Santo Antônio de Jesus,NE,BA,109791
2928802,Santo Estêvão,NE,BA,55146
2928901,São Desidério,NE,BA,34982
2928950,São Domingos,NE,BA,8690
2929008,São Félix,NE,BA,11102
2929057,São Félix do Coribe,NE,BA,15780
2929107,São Felipe,NE,BA,20923
2929206,São Francisco do Conde,NE,BA,41110
2929255,São Gabriel,NE,BA,19229
2929305,São Gonçalo dos Campos,NE,BA,42171
2929354,São José da Vitória,NE,BA,5432
2929370,São José do Jacuípe,NE,BA,10576
2929404,São Miguel das Matas,NE,BA,10615
2929503,São Sebastião do Passé,NE,BA,42944
2929602,Sapeaçu,NE,BA,18656
2929701,Sátiro Dias,NE,BA,16476
2929750,Saubara,NE,BA,11859
2929800,Saúde,NE,BA,10661
2929909,Seabra,NE,BA,48721
2930006,Sebastião Laranjeiras,NE,BA,9581
2930105,Senhor do Bonfim,NE,BA,78090
2930154,Serra do Ramalho,NE,BA,36252
2930204,Sento Sé,NE,BA,40232
2930303,Serra Dourada,NE,BA,17574
2930402,Serra Preta,NE,BA,18754
2930501,Serrinha,NE,BA,84690
2930600,Serrolândia,NE,BA,13863
2930709,Simões Filho,NE,BA,120419
2930758,Sítio do Mato,NE,BA,13982
2930766,Sítio do Quinto,NE,BA,14435
2930774,Sobradinho,NE,BA,27097
2930808,Souto Soares,NE,BA,17724
2930907,Tabocas do Brejo Velho,NE,BA,12368
2931004,Tanhaçu,NE,BA,21787
2931053,Tanque Novo,NE,BA,17812
2931103,Tanquinho,NE,BA,7991
2931202,Taperoá,NE,BA,18556
2931301,Tapiramutá,NE,BA,16226
2931350,Teixeira de Freitas,NE,BA,153738
2931400,Teodoro Sampaio,NE,BA,7280
2931509,Teofilândia,NE,BA,21825
2931608,Teolândia,NE,BA,15978
2931707,Terra Nova,NE,BA,10976
2931806,Tremedal,NE,BA,16646
2931905,Tucano,NE,BA,51016
2932002,Uauá,NE,BA,25449
2932101,Ubaíra,NE,BA,19142
2932200,Ubaitaba,NE,BA,17878
2932309,Ubatã,NE,BA,15839
2932408,Uibaí,NE,BA,13886
2932457,Umburanas,NE,BA,13785
2932507,Una,NE,BA,18254
2932606,Urandi,NE,BA,15776
2932705,Uruçuca,NE,BA,22155
2932804,Utinga,NE,BA,16645
2932903,Valença,NE,BA,90053
2933000,Valente,NE,BA,25132
2933059,Várzea da Roça,NE,BA,14294
2933109,Várzea do Poço,NE,BA,8334
2933158,Várzea Nova,NE,BA,13866
2933174,Varzedo,NE,BA,10328
2933208,Vera Cruz,NE,BA,45191
2933257,Vereda,NE,BA,6157
2933307,Vitória da Conquista,NE,BA,396613
2933406,Wagner,NE,BA,9866
2933455,Wanderley,NE,BA,13460
2933505,Wenceslau Guimarães,NE,BA,25535
2933604,Xique-Xique,NE,BA,47019
3100104,Abadia dos Dourados,SE,MG,6345
3100203,Abaeté,SE,MG,23173
3100302,Abre Campo,SE,MG,14354
3100401,Acaiaca,SE,MG,3998
3100500,Açucena,SE,MG,8926
3100609,Água Boa,SE,MG,12391
3100708,Água Comprida,SE,MG,2171
3100807,Aguanil,SE,MG,4509
3100906,Águas Formosas,SE,MG,18850
3101003,Águas Vermelhas,SE,MG,14567
3101102,Aimorés,SE,MG,26212
3101201,Aiuruoca,SE,MG,6389
3101300,Alagoa,SE,MG,2820
3101409,Albertina,SE,MG,3027
3101508,Além Paraíba,SE,MG,31159
3101607,Alfenas,SE,MG,82303
3101631,Alfredo Vasconcelos,SE,MG,7236
3101706,Almenara,SE,MG,42019
3101805,Alpercata,SE,MG,7019
3101904,Alpinópolis,SE,MG,18673
3102001,Alterosa,SE,MG,14272
3102050,Alto Caparaó,SE,MG,6014
3102100,Alto Rio Doce,SE,MG,10931
3102209,Alvarenga,SE,MG,3983
3102308,Alvinópolis,SE,MG,15358
3102407,Alvorada de Minas,SE,MG,4359
3102506,Amparo do Serra,SE,MG,4574
3102605,Andradas,SE,MG,42501
3102704,Cachoeira de Pajeú,SE,MG,9347
3102803,Andrelândia,SE,MG,12163
3102852,Angelândia,SE,MG,7849
3102902,Antônio Carlos,SE,MG,11350
3103009,Antônio Dias,SE,MG,9375
3103108,Antônio Prado de Minas,SE,MG,1552
3103207,Araçaí,SE,MG,2222
3103306,Aracitaba,SE,MG,2095
3103405,Araçuaí,SE,MG,35185
3103504,Araguari,SE,MG,123432
3103603,Arantina,SE,MG,2998
3103702,Araponga,SE,MG,8218
3103751,Araporã,SE,MG,9069
3103801,Arapuá,SE,MG,2668
3103900,Araújos,SE,MG,9634
3104007,Araxá,SE,MG,118786
3104106,Arceburgo,SE,MG,9335
3104205,Arcos,SE,MG,43653
3104304,Areado,SE,MG,14229
3104403,Argirita,SE,MG,2715
3104452,Aricanduva,SE,MG,4820
3104502,Arinos,SE,MG,17586
3104601,Astolfo Dutra,SE,MG,14633
3104700,Ataléia,SE,MG,13936
3104809,Augusto de Lima,SE,MG,4572
3104908,Baependi,SE,MG,18782
3105004,Baldim,SE,MG,7595
3105103,Bambuí,SE,MG,24203
3105202,Bandeira,SE,MG,4811
3105301,Bandeira do Sul,SE,MG,6183
3105400,Barão de Cocais,SE,MG,32264
3105509,Barão de Monte Alto,SE,MG,4952
3105608,Barbacena,SE,MG,129695
3105707,Barra Longa,SE,MG,5717
3105905,Barroso,SE,MG,20604
3106002,Bela Vista de Minas,SE,MG,10427
3106101,Belmiro Braga,SE,MG,3292
3106200,Belo Horizonte,SE,MG,2415872
3106309,Belo Oriente,SE,MG,24546
3106408,Belo Vale,SE,MG,9012
3106507,Berilo,SE,MG,9638
3106606,Bertópolis,SE,MG,4546
3106655,Berizal,SE,MG,4270
3106705,Betim,SE,MG,431433
3106804,Bias Fortes,SE,MG,3367
3106903,Bicas,SE,MG,14358
3107000,Biquinhas,SE,MG,2397
3107109,Boa Esperança,SE,MG,41443
3107208,Bocaina de Minas,SE,MG,5530
3107307,Bocaiúva,SE,MG,49797
3107406,Bom Despacho,SE,MG,54377
3107505,Bom Jardim de Minas,SE,MG,6988
3107604,Bom Jesus da Penha,SE,MG,4677
3107703,Bom Jesus do Amparo,SE,MG,5786
3107802,Bom Jesus do Galho,SE,MG,14719
3107901,Bom Repouso,SE,MG,13312
3108008,Bom Sucesso,SE,MG,17515
3108107,Bonfim,SE,MG,7710
3108206,Bonfinópolis de Minas,SE,MG,5600
3108255,Bonito de Minas,SE,MG,10525
3108305,Borda da Mata,SE,MG,17837
3108404,Botelhos,SE,MG,15141
3108503,Botumirim,SE,MG,5806
3108552,Brasilândia de Minas,SE,MG,15485
3108602,Brasília de Minas,SE,MG,33262
3108701,Brás Pires,SE,MG,4296
3108800,Braúnas,SE,MG,4445
3108909,Brazópolis,SE,MG,14491
3109006,Brumadinho,SE,MG,41090
3109105,Bueno Brandão,SE,MG,11168
3109204,Buenópolis,SE,MG,9171
3109253,Bugre,SE,MG,4159
3109303,Buritis,SE,MG,24779
3109402,Buritizeiro,SE,MG,23908
3109451,Cabeceira Grande,SE,MG,6811
3109501,Cabo Verde,SE,MG,11269
3109600,Cachoeira da Prata,SE,MG,3785
3109709,Cachoeira de Minas,SE,MG,12302
3109808,Cachoeira Dourada,SE,MG,2337
3109907,Caetanópolis,SE,MG,11906
3110004,Caeté,SE,MG,39775
3110103,Caiana,SE,MG,5484
3110202,Cajuri,SE,MG,4191
3110301,Caldas,SE,MG,14628
3110400,Camacho,SE,MG,2851
3110509,Camanducaia,SE,MG,27860
3110608,Cambuí,SE,MG,31066
3110707,Cambuquira,SE,MG,12551
3110806,Campanário,SE,MG,2884
3110905,Campanha,SE,MG,16372
3111002,Campestre,SE,MG,21155
3111101,Campina Verde,SE,MG,18188
3111150,Campo Azul,SE,MG,3806
3111200,Campo Belo,SE,MG,54027
3111309,Campo do Meio,SE,MG,11625
3111408,Campo Florido,SE,MG,8931
3111507,Campos Altos,SE,MG,13076
3111606,Campos Gerais,SE,MG,26749
3111705,Canaã,SE,MG,4839
3111804,Canápolis,SE,MG,10716
3111903,Cana Verde,SE,MG,5342
3112000,Candeias,SE,MG,14211
3112059,Cantagalo,SE,MG,4029
3112109,Caparaó,SE,MG,5138
3112208,Capela Nova,SE,MG,4397
3112307,Capelinha,SE,MG,41858
3112406,Capetinga,SE,MG,6627
3112505,Capim Branco,SE,MG,11210
3112604,Capinópolis,SE,MG,14872
3112653,Capitão Andrade,SE,MG,4634
3112703,Capitão Enéas,SE,MG,14403
3112802,Capitólio,SE,MG,10991
3112901,Caputira,SE,MG,9128
3113008,Caraí,SE,MG,19511
3113107,Caranaíba,SE,MG,2942
3113206,Carandaí,SE,MG,24403
3113305,Carangola,SE,MG,32134
3113404,Caratinga,SE,MG,90890
3113503,Carbonita,SE,MG,8603
3113602,Careaçu,SE,MG,7062
3113701,Carlos Chagas,SE,MG,18783
3113800,Carmésia,SE,MG,2693
3113909,Carmo da Cachoeira,SE,MG,11767
3114006,Carmo da Mata,SE,MG,11291
3114105,Carmo de Minas,SE,MG,14125
3114204,Carmo do Cajuru,SE,MG,24581
3114303,Carmo do Paranaíba,SE,MG,29885
3114402,Carmo do Rio Claro,SE,MG,21506
3114501,Carmópolis de Minas,SE,MG,18561
3114550,Carneirinho,SE,MG,9633
3114600,Carrancas,SE,MG,4161
3114709,Carvalhópolis,SE,MG,3419
3114808,Carvalhos,SE,MG,4503
3114907,Casa Grande,SE,MG,2260
3115003,Cascalho Rico,SE,MG,2751
3115102,Cássia,SE,MG,17491
3115201,Conceição da Barra de Minas,SE,MG,3576
3115300,Cataguases,SE,MG,67732
3115359,Catas Altas,SE,MG,5706
3115409,Catas Altas da Noruega,SE,MG,3124
3115458,Catuji,SE,MG,7248
3115474,Catuti,SE,MG,4788
3115508,Caxambu,SE,MG,21412
3115607,Cedro do Abaeté,SE,MG,1084
3115706,Central de Minas,SE,MG,6213
3115805,Centralina,SE,MG,10447
3115904,Chácara,SE,MG,3194
3116001,Chalé,SE,MG,6289
3116100,Chapada do Norte,SE,MG,9763
3116159,Chapada Gaúcha,SE,MG,12904
3116209,Chiador,SE,MG,2868
3116308,Cipotânea,SE,MG,5549
3116407,Claraval,SE,MG,4786
3116506,Claro dos Poções,SE,MG,7230
3116605,Cláudio,SE,MG,31936
3116704,Coimbra,SE,MG,7293
3116803,Coluna,SE,MG,8206
3116902,Comendador Gomes,SE,MG,2804
3117009,Comercinho,SE,MG,6540
3117108,Conceição da Aparecida,SE,MG,10705
3117207,Conceição das Pedras,SE,MG,2840
3117306,Conceição das Alagoas,SE,MG,30278
3117405,Conceição de Ipanema,SE,MG,4503
3117504,Conceição do Mato Dentro,SE,MG,24559
3117603,Conceição do Pará,SE,MG,5584
3117702,Conceição do Rio Verde,SE,MG,12765
3117801,Conceição dos Ouros,SE,MG,11218
3117836,Cônego Marinho,SE,MG,7433
3117876,Confins,SE,MG,7758
3117900,Congonhal,SE,MG,11444
3118007,Congonhas,SE,MG,55272
3118106,Congonhas do Norte,SE,MG,4924
3118205,Conquista,SE,MG,6878
3118304,Conselheiro Lafaiete,SE,MG,138946
3118403,Conselheiro Pena,SE,MG,21052
3118502,Consolação,SE,MG,1569
3118601,Contagem,SE,MG,651718
3118700,Coqueiral,SE,MG,9188
3118809,Coração de Jesus,SE,MG,26138
3118908,Cordisburgo,SE,MG,7535
3119005,Cordislândia,SE,MG,3236
3119104,Corinto,SE,MG,23988
3119203,Coroaci,SE,MG,11240
3119302,Coromandel,SE,MG,30114
3119401,Coronel Fabriciano,SE,MG,108708
3119500,Coronel Murta,SE,MG,8237
3119609,Coronel Pacheco,SE,MG,2789
3119708,Coronel Xavier Chaves,SE,MG,3599
3119807,Córrego Danta,SE,MG,2956
3119906,Córrego do Bom Jesus,SE,MG,4462
3119955,Córrego Fundo,SE,MG,6333
3120003,Córrego Novo,SE,MG,2900
3120102,Couto de Magalhães de Minas,SE,MG,4351
3120151,Crisólita,SE,MG,5256
3120201,Cristais,SE,MG,12634
3120300,Cristália,SE,MG,5133
3120409,Cristiano Otoni,SE,MG,4719
3120508,Cristina,SE,MG,10643
3120607,Crucilândia,SE,MG,5674
3120706,Cruzeiro da Fortaleza,SE,MG,3616
3120805,Cruzília,SE,MG,15831
3120839,Cuparaque,SE,MG,3958
3120870,Curral de Dentro,SE,MG,7662
3120904,Curvelo,SE,MG,84297
3121001,Datas,SE,MG,5635
3121100,Delfim Moreira,SE,MG,8133
3121209,Delfinópolis,SE,MG,8851
3121258,Delta,SE,MG,11143
3121308,Descoberto,SE,MG,5070
3121407,Desterro de Entre Rios,SE,MG,7941
3121506,Desterro do Melo,SE,MG,3060
3121605,Diamantina,SE,MG,49493
3121704,Diogo de Vasconcelos,SE,MG,3581
3121803,Dionísio,SE,MG,6689
3121902,Divinésia,SE,MG,4481
3122009,Divino,SE,MG,21428
3122108,Divino das Laranjeiras,SE,MG,4147
3122207,Divinolândia de Minas,SE,MG,6583
3122306,Divinópolis,SE,MG,243583
3122355,Divisa Alegre,SE,MG,6541
3122405,Divisa Nova,SE,MG,6002
3122454,Divisópolis,SE,MG,10659
3122470,Dom Bosco,SE,MG,3763
3122504,Dom Cavati,SE,MG,4967
3122603,Dom Joaquim,SE,MG,5074
3122702,Dom Silvério,SE,MG,5355
3122801,Dom Viçoso,SE,MG,3184
3122900,Dona Euzébia,SE,MG,6250
3123007,Dores de Campos,SE,MG,10359
3123106,Dores de Guanhães,SE,MG,5114
3123205,Dores do Indaiá,SE,MG,12730
3123304,Dores do Turvo,SE,MG,5192
3123403,Doresópolis,SE,MG,1498
3123502,Douradoquara,SE,MG,1869
3123528,Durandé,SE,MG,8065
3123601,Elói Mendes,SE,MG,27429
3304300,Rio Bonito,SE,RJ,59126
3304409,Rio Claro,SE,RJ,17951
3304508,Rio das Flores,SE,RJ,9267
3304524,Rio das Ostras,SE,RJ,168455
3304557,Rio de Janeiro,SE,RJ,6730729
3304607,Santa Maria Madalena,SE,RJ,10580
3304706,Santo Antônio de Pádua,SE,RJ,43697
3304755,São Francisco de Itabapoana,SE,RJ,47397
3304805,São Fidélis,SE,RJ,41212
3304904,São Gonçalo,SE,RJ,960196
3305000,São João da Barra,SE,RJ,38740
3305109,São João de Meriti,SE,RJ,466503
3305133,São José de Ubá,SE,RJ,7318
3305158,São José do Vale do Rio Preto,SE,RJ,22813
3305208,São Pedro da Aldeia,SE,RJ,110677
3305307,São Sebastião do Alto,SE,RJ,7993
3305406,Sapucaia,SE,RJ,18291
3305505,Saquarema,SE,RJ,95315
3305554,Seropédica,SE,RJ,84794
3305604,Silva Jardim,SE,RJ,22028
3305703,Sumidouro,SE,RJ,15693
3305752,Tanguá,SE,RJ,32865
3305802,Teresópolis,SE,RJ,176735
3305901,Trajano de Moraes,SE,RJ,10654
3306008,Três Rios,SE,RJ,82319
3306107,Valença,SE,RJ,71449
3306156,Varre-Sai,SE,RJ,10563
3306206,Vassouras,SE,RJ,35907
3306305,Volta Redonda,SE,RJ,279971
3500105,Adamantina,SE,SP,35673
3500204,Adolfo,SE,SP,4505
3500303,Aguaí,SE,SP,32886
3500402,Águas da Prata,SE,SP,7463
3500501,Águas de Lindóia,SE,SP,18257
3500550,Águas de Santa Bárbara,SE,SP,7460
3500600,Águas de São Pedro,SE,SP,2928
3500709,Agudos,SE,SP,38988
3500758,Alambari,SE,SP,6373
3500808,Alfredo Marcondes,SE,SP,4574
3500907,Altair,SE,SP,3467
3501004,Altinópolis,SE,SP,17197
3501103,Alto Alegre,SE,SP,3874
3501152,Alumínio,SE,SP,17607
3501202,Álvares Florence,SE,SP,3979
3501301,Álvares Machado,SE,SP,28386
3501400,Álvaro de Carvalho,SE,SP,4901
3501509,Alvinlândia,SE,SP,2919
3501608,Americana,SE,SP,247571
3501707,Américo Brasiliense,SE,SP,33708
3501806,Américo de Campos,SE,SP,5981
3501905,Amparo,SE,SP,69792
3502002,Analândia,SE,SP,4694
3502101,Andradina,SE,SP,61625
3502200,Angatuba,SE,SP,24573
3502309,Anhembi,SE,SP,5766
3502408,Anhumas,SE,SP,4118
3502507,Aparecida,SE,SP,33141
3502606,Aparecida d'Oeste,SE,SP,4112
3502705,Apiaí,SE,SP,24857
3502754,Araçariguama,SE,SP,22314
3502804,Araçatuba,SE,SP,208415
3502903,Araçoiaba da Serra,SE,SP,33832
3503000,Aramina,SE,SP,5535
3503109,Arandu,SE,SP,7076
3503158,Arapeí,SE,SP,2355
3503208,Araraquara,SE,SP,253474
3503307,Araras,SE,SP,135744
3503356,Arco-Íris,SE,SP,2089
3503406,Arealva,SE,SP,8290
3503505,Areias,SE,SP,3617
3503604,Areiópolis,SE,SP,10242
3503703,Ariranha,SE,SP,7621
3503802,Artur Nogueira,SE,SP,53467
3503901,Arujá,SE,SP,90273
3503950,Aspásia,SE,SP,1875
3504008,Assis,SE,SP,104858
3504107,Atibaia,SE,SP,167161
3504206,Auriflama,SE,SP,13856
3504305,Avaí,SE,SP,4503
3504404,Avanhandava,SE,SP,11436
3504503,Avaré,SE,SP,96450
3504602,Bady Bassitt,SE,SP,29346
3504701,Balbinos,SE,SP,3969
3504800,Bálsamo,SE,SP,9902
3504909,Bananal,SE,SP,10097
3505005,Barão de Antonina,SE,SP,3632
3505104,Barbosa,SE,SP,5627
3505203,Bariri,SE,SP,32406
3505302,Barra Bonita,SE,SP,35129
3505351,Barra do Chapéu,SE,SP,5254
3505401,Barra do Turvo,SE,SP,6894
3505500,Barretos,SE,SP,126957
3505609,Barrinha,SE,SP,33304
3505708,Barueri,SE,SP,333737
3505807,Bastos,SE,SP,21936
3505906,Batatais,SE,SP,59939
3506003,Bauru,SE,SP,392947
3506102,Bebedouro,SE,SP,78257
3506201,Bento de Abreu,SE,SP,2640
3506300,Bernardino de Campos,SE,SP,11881
3506359,Bertioga,SE,SP,67436
3506409,Bilac,SE,SP,7464
3506508,Birigui,SE,SP,123340
3506607,Biritiba-Mirim,SE,SP,30564
3506706,Boa Esperança do Sul,SE,SP,13113
3506805,Bocaina,SE,SP,11480
3506904,Bofete,SE,SP,10710
3507001,Boituva,SE,SP,63850
3507100,Bom Jesus dos Perdões,SE,SP,22579
3507159,Bom Sucesso de Itararé,SE,SP,3609
3507209,Borá,SE,SP,932
3507308,Boracéia,SE,SP,4838
3507407,Borborema,SE,SP,14405
3537107,Pedreira,SE,SP,44385
3537156,Pedrinhas Paulista,SE,SP,2833
3537206,Pedro de Toledo,SE,SP,11617
3537305,Penápolis,SE,SP,63426
3537404,Pereira Barreto,SE,SP,24360
3537503,Pereiras,SE,SP,9013
3537602,Peruíbe,SE,SP,70629
3537701,Piacatu,SE,SP,5631
3537800,Piedade,SE,SP,54266
3537909,Pilar do Sul,SE,SP,28459
3538006,Pindamonhangaba,SE,SP,172681
3538105,Pindorama,SE,SP,14704
3538204,Pinhalzinho,SE,SP,15676
3538303,Piquerobi,SE,SP,3287
3538501,Piquete,SE,SP,12516
3538600,Piracaia,SE,SP,26795
3538709,Piracicaba,SE,SP,440835
3538808,Piraju,SE,SP,30294
3538907,Pirajuí,SE,SP,22734
3539004,Pirangi,SE,SP,11085
3539103,Pirapora do Bom Jesus,SE,SP,18925
3539202,Pirapozinho,SE,SP,26097
3539301,Pirassununga,SE,SP,75594
3539400,Piratininga,SE,SP,15657
3539509,Pitangueiras,SE,SP,34361
3539608,Planalto,SE,SP,4451
3539707,Platina,SE,SP,3055
3539806,Poá,SE,SP,106355
3539905,Poloni,SE,SP,5702
3540002,Pompéia,SE,SP,20520
3540101,Pongaí,SE,SP,3440
3540200,Pontal,SE,SP,38286
3540259,Pontalinda,SE,SP,4198
3540309,Pontes Gestal,SE,SP,2411
3540408,Populina,SE,SP,4182
3540507,Porangaba,SE,SP,10850
3540606,Porto Feliz,SE,SP,58605
3540705,Porto Ferreira,SE,SP,53966
3540754,Potim,SE,SP,20801
3540804,Potirendaba,SE,SP,19097
3540853,Pracinha,SE,SP,2589
3540903,Pradópolis,SE,SP,17299
3541000,Praia Grande,SE,SP,368539
3541059,Pratânia,SE,SP,5264
3541109,Presidente Alves,SE,SP,3830
3541208,Presidente Bernardes,SE,SP,14803
3541307,Presidente Epitácio,SE,SP,40322
3541406,Presidente Prudente,SE,SP,234706
3541505,Presidente Venceslau,SE,SP,35810
3541604,Promissão,SE,SP,35973
3541653,Quadra,SE,SP,3477
3541703,Quatá,SE,SP,13412
3541802,Queiroz,SE,SP,3366
3541901,Queluz,SE,SP,9074
3542008,Quintana,SE,SP,7260
3542107,Rafard,SE,SP,9145
3542206,Rancharia,SE,SP,29387
3542305,Redenção da Serra,SE,SP,4637
3542404,Regente Feijó,SE,SP,20620
3542503,Reginópolis,SE,SP,7820
3542602,Registro,SE,SP,61927
3542701,Restinga,SE,SP,6486
3542800,Ribeira,SE,SP,3158
3542909,Ribeirão Bonito,SE,SP,11040
3543006,Ribeirão Branco,SE,SP,18942
3543105,Ribeirão Corrente,SE,SP,4717
3543204,Ribeirão do Sul,SE,SP,4776
3543238,Ribeirão dos Índios,SE,SP,2040
3543253,Ribeirão Grande,SE,SP,7571
3543303,Ribeirão Pires,SE,SP,118954
3543402,Ribeirão Preto,SE,SP,731639
3543501,Riversul,SE,SP,5628
3543600,Rifaina,SE,SP,4179
3543709,Rincão,SE,SP,9101
3543808,Rinópolis,SE,SP,9334
3543907,Rio Claro,SE,SP,210323
3544004,Rio das Pedras,SE,SP,32329
3544103,Rio Grande da Serra,SE,SP,45324
3544202,Riolândia,SE,SP,10444
3544251,Rosana,SE,SP,17434
3544301,Roseira,SE,SP,11137
3544400,Rubiácea,SE,SP,2740
3544509,Rubinéia,SE,SP,3998
3544608,Sabino,SE,SP,5182
3544707,Sagres,SE,SP,2522
3544806,Sales,SE,SP,6645
3529203,Martinópolis,SE,SP,25240
3529302,Matão,SE,SP,81075
3529401,Mauá,SE,SP,429014
3529500,Mendonça,SE,SP,6420
3529609,Meridiano,SE,SP,4721
3529658,Mesópolis,SE,SP,1990
3529708,Miguelópolis,SE,SP,19621
3529807,Mineiros do Tietê,SE,SP,11322
3529906,Miracatu,SE,SP,18610
3530003,Mira Estrela,SE,SP,3209
3530102,Mirandópolis,SE,SP,28754
3530201,Mirante do Paranapanema,SE,SP,16031
3530300,Mirassol,SE,SP,65811
3530409,Mirassolândia,SE,SP,4783
3530508,Mococa,SE,SP,69372
3530607,Mogi das Cruzes,SE,SP,470302
3530706,Mogi Guaçu,SE,SP,160318
3530805,Mogi Mirim,SE,SP,95742
3530904,Mombuca,SE,SP,3830
3531001,Monções,SE,SP,1947
3531100,Mongaguá,SE,SP,64845
3531209,Monte Alegre do Sul,SE,SP,8923
3531308,Monte Alto,SE,SP,48758
3531407,Monte Aprazível,SE,SP,22668
3531506,Monte Azul Paulista,SE,SP,18337
3531605,Monte Castelo,SE,SP,4306
3531704,Monteiro Lobato,SE,SP,4205
3531803,Monte Mor,SE,SP,67832
3531902,Morro Agudo,SE,SP,28521
3532009,Morungaba,SE,SP,14147
3532058,Motuca,SE,SP,4071
3532108,Murutinga do Sul,SE,SP,3748
3532157,Nantes,SE,SP,2697
3532207,Narandiba,SE,SP,5956
3532306,Natividade da Serra,SE,SP,7155
3532405,Nazaré Paulista,SE,SP,18675
3532504,Neves Paulista,SE,SP,9953
3532603,Nhandeara,SE,SP,9915
3532702,Nipoã,SE,SP,4876
3532801,Nova Aliança,SE,SP,6885
3532827,Nova Campina,SE,SP,8630
3532843,Nova Canaã Paulista,SE,SP,2055
3532868,Nova Castilho,SE,SP,1072
3532900,Nova Europa,SE,SP,9459
3533007,Nova Granada,SE,SP,19733
3533106,Nova Guataporanga,SE,SP,2188
3533205,Nova Independência,SE,SP,4847
3533254,Novais,SE,SP,4463
3533304,Nova Luzitânia,SE,SP,2817
3533403,Nova Odessa,SE,SP,64596
3533502,Novo Horizonte,SE,SP,39494
3533601,Nuporanga,SE,SP,7570
3533700,Ocauçu,SE,SP,4418
3533809,Óleo,SE,SP,2535
3533908,Olímpia,SE,SP,56874
3534005,Onda Verde,SE,SP,4942
3534104,Oriente,SE,SP,6180
3534203,Orindiúva,SE,SP,6157
3534302,Orlândia,SE,SP,39144
3534401,Osasco,SE,SP,759524
3534500,Oscar Bressane,SE,SP,2502
3534609,Osvaldo Cruz,SE,SP,32112
3534708,Ourinhos,SE,SP,106911
3534757,Ouroeste,SE,SP,10660
3534807,Ouro Verde,SE,SP,7900
3534906,Pacaembu,SE,SP,15273
3535002,Palestina,SE,SP,11704
3535101,Palmares Paulista,SE,SP,9666
3535200,Palmeira d'Oeste,SE,SP,8971
3535309,Palmital,SE,SP,19714
3535408,Panorama,SE,SP,15227
3535507,Paraguaçu Paulista,SE,SP,42049
3535606,Paraibuna,SE,SP,17959
3535705,Paraíso,SE,SP,6218
3535804,Paranapanema,SE,SP,19853
3535903,Paranapuã,SE,SP,4118
3536000,Parapuã,SE,SP,10720
3536109,Pardinho,SE,SP,7435
3536208,Pariquera-Açu,SE,SP,19603
3536257,Parisi,SE,SP,3030
3536307,Patrocínio Paulista,SE,SP,14888
3536406,Paulicéia,SE,SP,8255
3536505,Paulínia,SE,SP,116674
3536570,Paulistânia,SE,SP,2156
3536604,Paulo de Faria,SE,SP,7390
3536703,Pederneiras,SE,SP,46337
3536802,Pedra Bela,SE,SP,6745
3536901,Pedranópolis,SE,SP,2856
3537008,Pedregulho,SE,SP,15737
3165909,Senador Modestino Gonçalves,SE,MG,4006
3166006,Senhora de Oliveira,SE,MG,5577
3166105,Senhora do Porto,SE,MG,3066
3166204,Senhora dos Remédios,SE,MG,10657
3166303,Sericita,SE,MG,7552
3166402,Seritinga,SE,MG,1866
3166501,Serra Azul de Minas,SE,MG,3808
3166600,Serra da Saudade,SE,MG,856
3166709,Serra dos Aimorés,SE,MG,6859
3166808,Serra do Salitre,SE,MG,12286
3166907,Serrania,SE,MG,7811
3166956,Serranópolis de Minas,SE,MG,4497
3167004,Serranos,SE,MG,2036
3167103,Serro,SE,MG,22624
3167202,Sete Lagoas,SE,MG,238909
3167301,Silveirânia,SE,MG,2399
3167400,Silvianópolis,SE,MG,6348
3167509,Simão Pereira,SE,MG,3084
3167608,Simonésia,SE,MG,20431
3167707,Sobrália,SE,MG,5140
3167806,Soledade de Minas,SE,MG,5733
3167905,Tabuleiro,SE,MG,4097
3168002,Taiobeiras,SE,MG,34537
3168051,Taparuba,SE,MG,3508
3168101,Tapira,SE,MG,4215
3168200,Tapiraí,SE,MG,1698
3168309,Taquaraçu de Minas,SE,MG,4394
3168408,Tarumirim,SE,MG,15104
3168507,Teixeiras,SE,MG,12691
3168606,Teófilo Otoni,SE,MG,142851
3168705,Timóteo,SE,MG,84172
3168804,Tiradentes,SE,MG,8056
3168903,Tiros,SE,MG,8231
3169000,Tocantins,SE,MG,16603
3169059,Tocos do Moji,SE,MG,3894
3169109,Toledo,SE,MG,7625
3169208,Tombos,SE,MG,8653
3169307,Três Corações,SE,MG,78291
3169356,Três Marias,SE,MG,29985
3169406,Três Pontas,SE,MG,57209
3169505,Tumiritinga,SE,MG,5955
3169604,Tupaciguara,SE,MG,26583
3169703,Turmalina,SE,MG,20769
3169802,Turvolândia,SE,MG,5097
3169901,Ubá,SE,MG,107423
3170008,Ubaí,SE,MG,11985
3170057,Ubaporanga,SE,MG,13485
3170107,Uberaba,SE,MG,356781
3170206,Uberlândia,SE,MG,761835
3170305,Umburatiba,SE,MG,2742
3170404,Unaí,SE,MG,91320
3170438,União de Minas,SE,MG,3818
3170479,Uruana de Minas,SE,MG,3365
3170503,Urucânia,SE,MG,10899
3170529,Urucuia,SE,MG,18515
3170578,Vargem Alegre,SE,MG,5800
3170602,Vargem Bonita,SE,MG,2207
3170651,Vargem Grande do Rio Pardo,SE,MG,4724
3170701,Varginha,SE,MG,143676
3170750,Varjão de Minas,SE,MG,7305
3170800,Várzea da Palma,SE,MG,34555
3170909,Varzelândia,SE,MG,19210
3171006,Vazante,SE,MG,20459
3171030,Verdelândia,SE,MG,7737
3171071,Veredinha,SE,MG,5240
3171105,Veríssimo,SE,MG,3478
3171154,Vermelho Novo,SE,MG,5048
3171204,Vespasiano,SE,MG,138583
3171303,Viçosa,SE,MG,79517
3171402,Vieiras,SE,MG,3781
3171501,Mathias Lobato,SE,MG,3053
3171600,Virgem da Lapa,SE,MG,11774
3171709,Virgínia,SE,MG,9164
3171808,Virginópolis,SE,MG,10511
3171907,Virgolândia,SE,MG,4471
3172004,Visconde do Rio Branco,SE,MG,40711
3172103,Volta Grande,SE,MG,4441
3172202,Wenceslau Braz,SE,MG,2377
3200102,Afonso Cláudio,SE,ES,32456
3200136,Águia Branca,SE,ES,10143
3200169,Água Doce do Norte,SE,ES,12585
3200201,Alegre,SE,ES,30702
3200300,Alfredo Chaves,SE,ES,14376
3200359,Alto Rio Novo,SE,ES,7760
3200409,Anchieta,SE,ES,33017
3200508,Apiacá,SE,ES,7462
3200607,Aracruz,SE,ES,103363
3200706,Atilio Vivacqua,SE,ES,11046
3200805,Baixo Guandu,SE,ES,32829
3200904,Barra de São Francisco,SE,ES,45415
3201001,Boa Esperança,SE,ES,14054
3201100,Bom Jesus do Norte,SE,ES,10820
3201159,Brejetuba,SE,ES,13718
3201209,Cachoeiro de Itapemirim,SE,ES,198342
3201308,Cariacica,SE,ES,376200
3201407,Castelo,SE,ES,39575
3201506,Colatina,SE,ES,129301
3201605,Conceição da Barra,SE,ES,28923
3201704,Conceição do Castelo,SE,ES,12472
3201803,Divino de São Lourenço,SE,ES,5397
3201902,Domingos Martins,SE,ES,38236
3202009,Dores do Rio Preto,SE,ES,6902
3202108,Ecoporanga,SE,ES,22611
3202207,Fundão,SE,ES,18898
3202256,Governador Lindenberg,SE,ES,11484
3202306,Guaçuí,SE,ES,31418
3202405,Guarapari,SE,ES,136311
3202454,Ibatiba,SE,ES,27543
4216255,São João do Oeste,SU,SC,6467
4216305,São João Batista,SU,SC,35336
4216354,São João do Itaperiú,SU,SC,4827
4216404,São João do Sul,SU,SC,9278
3544905,Sales Oliveira,SE,SP,11683
3545001,Salesópolis,SE,SP,15381
3545100,Salmourão,SE,SP,4883
3545159,Saltinho,SE,SP,8407
3545209,Salto,SE,SP,141111
3545308,Salto de Pirapora,SE,SP,45262
3545407,Salto Grande,SE,SP,9221
3545506,Sandovalina,SE,SP,3697
3545605,Santa Adélia,SE,SP,14193
3545704,Santa Albertina,SE,SP,6566
3545803,Santa Bárbara d'Oeste,SE,SP,189456
3546009,Santa Branca,SE,SP,14219
3546108,Santa Clara d'Oeste,SE,SP,2694
3546207,Santa Cruz da Conceição,SE,SP,4375
3546256,Santa Cruz da Esperança,SE,SP,2168
3546306,Santa Cruz das Palmeiras,SE,SP,29489
3546405,Santa Cruz do Rio Pardo,SE,SP,47759
3546504,Santa Ernestina,SE,SP,6274
3546603,Santa Fé do Sul,SE,SP,36288
3546702,Santa Gertrudes,SE,SP,23192
3546801,Santa Isabel,SE,SP,54691
3546900,Santa Lúcia,SE,SP,7144
3507456,Borebi,SE,SP,2801
3507506,Botucatu,SE,SP,151053
3507605,Bragança Paulista,SE,SP,185688
3507704,Braúna,SE,SP,5477
3507753,Brejo Alegre,SE,SP,2605
3507803,Brodowski,SE,SP,26314
3507902,Brotas,SE,SP,24501
3508009,Buri,SE,SP,20731
3508108,Buritama,SE,SP,17658
3508207,Buritizal,SE,SP,4458
3508306,Cabrália Paulista,SE,SP,4360
3508405,Cabreúva,SE,SP,48654
3508504,Caçapava,SE,SP,100071
3508603,Cachoeira Paulista,SE,SP,32534
3508702,Caconde,SE,SP,17228
3508801,Cafelândia,SE,SP,16907
3508900,Caiabu,SE,SP,3726
3509007,Caieiras,SE,SP,98549
3509106,Caiuá,SE,SP,5599
3509205,Cajamar,SE,SP,98365
3509254,Cajati,SE,SP,29262
3509304,Cajobi,SE,SP,9210
3509403,Cajuru,SE,SP,24233
3509452,Campina do Monte Alegre,SE,SP,6090
3509502,Campinas,SE,SP,1187974
3509601,Campo Limpo Paulista,SE,SP,79781
3509700,Campos do Jordão,SE,SP,47956
3509809,Campos Novos Paulista,SE,SP,5003
3509908,Cananéia,SE,SP,12491
3509957,Canas,SE,SP,5068
3510005,Cândido Mota,SE,SP,30157
3510104,Cândido Rodrigues,SE,SP,2959
3510153,Canitar,SE,SP,6589
3510203,Capão Bonito,SE,SP,47409
3510302,Capela do Alto,SE,SP,23777
3510401,Capivari,SE,SP,51369
3510500,Caraguatatuba,SE,SP,142248
3510609,Carapicuíba,SE,SP,398236
3510708,Cardoso,SE,SP,11476
3510807,Casa Branca,SE,SP,28779
3510906,Cássia dos Coqueiros,SE,SP,2861
3511003,Castilho,SE,SP,20485
3511102,Catanduva,SE,SP,119275
3511201,Catiguá,SE,SP,7101
3511300,Cedral,SE,SP,13314
3511409,Cerqueira César,SE,SP,22210
3511508,Cerquilho,SE,SP,46391
3511607,Cesário Lange,SE,SP,19707
3511706,Charqueada,SE,SP,15814
3511904,Clementina,SE,SP,7084
3512001,Colina,SE,SP,18880
3512100,Colômbia,SE,SP,6802
3512209,Conchal,SE,SP,29132
3512308,Conchas,SE,SP,15345
3512407,Cordeirópolis,SE,SP,25286
3512506,Coroados,SE,SP,5504
3512605,Coronel Macedo,SE,SP,4271
3512704,Corumbataí,SE,SP,4296
3512803,Cosmópolis,SE,SP,61167
3512902,Cosmorama,SE,SP,9019
3513009,Cotia,SE,SP,289493
3513108,Cravinhos,SE,SP,34307
3513207,Cristais Paulista,SE,SP,9600
3513306,Cruzália,SE,SP,2123
3513405,Cruzeiro,SE,SP,76444
3513504,Cubatão,SE,SP,114870
3513603,Cunha,SE,SP,22460
3513702,Descalvado,SE,SP,32663
3513801,Diadema,SE,SP,403579
3513850,Dirce Reis,SE,SP,1639
3513900,Divinolândia,SE,SP,11305
3514007,Dobrada,SE,SP,8986
3514106,Dois Córregos,SE,SP,24847
3514205,Dolcinópolis,SE,SP,2254
3514304,Dourado,SE,SP,8169
3514403,Dracena,SE,SP,46735
3514502,Duartina,SE,SP,12532
3514601,Dumont,SE,SP,9764
3514700,Echaporã,SE,SP,6291
3514809,Eldorado,SE,SP,13109
3514908,Elias Fausto,SE,SP,18168
3514924,Elisiário,SE,SP,3190
3514957,Embaúba,SE,SP,2349
3515004,Embu das Artes,SE,SP,259788
3515103,Embu-Guaçu,SE,SP,68913
3515129,Emilianópolis,SE,SP,3061
3515152,Engenheiro Coelho,SE,SP,20261
3515186,Espírito Santo do Pinhal,SE,SP,40610
3515194,Espírito Santo do Turvo,SE,SP,4214
3515202,Estrela d'Oeste,SE,SP,9696
3515301,Estrela do Norte,SE,SP,2751
3515350,Euclides da Cunha Paulista,SE,SP,7883
3515400,Fartura,SE,SP,17029
3515509,Fernandópolis,SE,SP,73508
3515608,Fernando Prestes,SE,SP,6080
3515657,Fernão,SE,SP,1692
3515707,Ferraz de Vasconcelos,SE,SP,186479
3515806,Flora Rica,SE,SP,1483
3515905,Floreal,SE,SP,2747
3516002,Flórida Paulista,SE,SP,13175
3516101,Florínia,SE,SP,4022
3516200,Franca,SE,SP,365494
3516309,Francisco Morato,SE,SP,171476
3516408,Franco da Rocha,SE,SP,150241
3516507,Gabriel Monteiro,SE,SP,2813
3516606,Gália,SE,SP,6413
3516705,Garça,SE,SP,43081
3516804,Gastão Vidigal,SE,SP,3203
3516853,Gavião Peixoto,SE,SP,4806
3516903,General Salgado,SE,SP,10437
3517000,Getulina,SE,SP,10337
3517109,Glicério,SE,SP,4158
3517208,Guaiçara,SE,SP,11478
3517307,Guaimbê,SE,SP,5609
3517406,Guaíra,SE,SP,40489
3517505,Guapiaçu,SE,SP,22445
3517604,Guapiara,SE,SP,17225
3517703,Guará,SE,SP,18748
3517802,Guaraçaí,SE,SP,7453
3517901,Guaraci,SE,SP,10554
3518008,Guarani d'Oeste,SE,SP,1999
3518107,Guarantã,SE,SP,6532
3518206,Guararapes,SE,SP,31888
3518305,Guararema,SE,SP,32620
3518404,Guaratinguetá,SE,SP,121916
3518503,Guareí,SE,SP,15285
3518602,Guariba,SE,SP,38678
3518701,Guarujá,SE,SP,294871
3518800,Guarulhos,SE,SP,1349100
3518859,Guatapará,SE,SP,7474
3518909,Guzolândia,SE,SP,4259
3519006,Herculândia,SE,SP,9316
3519055,Holambra,SE,SP,15718
3519071,Hortolândia,SE,SP,248842
3519105,Iacanga,SE,SP,10648
3519204,Iacri,SE,SP,6197
3519253,Iaras,SE,SP,8313
3519303,Ibaté,SE,SP,33160
3519402,Ibirá,SE,SP,11952
3519501,Ibirarema,SE,SP,6450
3519600,Ibitinga,SE,SP,62143
3519709,Ibiúna,SE,SP,77801
3519808,Icém,SE,SP,7982
3519907,Iepê,SE,SP,7739
3520004,Igaraçu do Tietê,SE,SP,23421
3520103,Igarapava,SE,SP,26696
3520202,Igaratá,SE,SP,10984
3520301,Iguape,SE,SP,29891
3520400,Ilhabela,SE,SP,36559
3520426,Ilha Comprida,SE,SP,14104
3520442,Ilha Solteira,SE,SP,26257
3520509,Indaiatuba,SE,SP,269657
3520608,Indiana,SE,SP,5200
3520707,Indiaporã,SE,SP,4113
3520806,Inúbia Paulista,SE,SP,3671
3520905,Ipaussu,SE,SP,13935
3521002,Iperó,SE,SP,38277
3521101,Ipeúna,SE,SP,7027
3521150,Ipiguá,SE,SP,7115
3521200,Iporanga,SE,SP,4083
3521408,Iracemápolis,SE,SP,22500
3521507,Irapuã,SE,SP,6932
3521606,Irapuru,SE,SP,7120
3521705,Itaberá,SE,SP,18263
3521804,Itaí,SE,SP,25979
3521903,Itajobi,SE,SP,17502
3522000,Itaju,SE,SP,3715
3522109,Itanhaém,SE,SP,118495
3522158,Itaóca,SE,SP,3497
3522208,Itapecerica da Serra,SE,SP,163003
3522307,Itapetininga,SE,SP,164256
3522406,Itapeva,SE,SP,92393
3522505,Itapevi,SE,SP,242995
3522604,Itapira,SE,SP,74038
3522653,Itapirapuã Paulista,SE,SP,4420
3522703,Itápolis,SE,SP,40445
3522802,Itaporanga,SE,SP,14245
3522901,Itapuí,SE,SP,14035
3523008,Itapura,SE,SP,4002
3523107,Itaquaquecetuba,SE,SP,382983
3523206,Itararé,SE,SP,45213
3523305,Itariri,SE,SP,15916
3523404,Itatiba,SE,SP,127112
3523503,Itatinga,SE,SP,19462
3523602,Itirapina,SE,SP,16454
3523701,Itirapuã,SE,SP,5857
3523800,Itobi,SE,SP,8227
3523909,Itu,SE,SP,175047
3524006,Itupeva,SE,SP,74994
3524105,Ituverava,SE,SP,38413
3524204,Jaborandi,SE,SP,6280
3524303,Jaboticabal,SE,SP,73473
3524402,Jacareí,SE,SP,250952
3524501,Jaci,SE,SP,7944
3524600,Jacupiranga,SE,SP,16216
3524709,Jaguariúna,SE,SP,62309
3524808,Jales,SE,SP,50078
3524907,Jambeiro,SE,SP,6611
3525003,Jandira,SE,SP,121550
3525102,Jardinópolis,SE,SP,47125
3525201,Jarinu,SE,SP,40007
3525300,Jaú,SE,SP,137409
3525409,Jeriquara,SE,SP,4000
3525508,Joanópolis,SE,SP,13131
3525607,João Ramalho,SE,SP,4464
3525706,José Bonifácio,SE,SP,37992
3525805,Júlio Mesquita,SE,SP,4302
3525854,Jumirim,SE,SP,3132
3525904,Jundiaí,SE,SP,463039
3526001,Junqueirópolis,SE,SP,20939
3526100,Juquiá,SE,SP,17184
3526209,Juquitiba,SE,SP,27969
3526308,Lagoinha,SE,SP,5183
3526407,Laranjal Paulista,SE,SP,27044
3526506,Lavínia,SE,SP,9940
3526605,Lavrinhas,SE,SP,7348
3526704,Leme,SE,SP,101537
3526803,Lençóis Paulista,SE,SP,68568
3526902,Limeira,SE,SP,301292
3527009,Lindóia,SE,SP,7158
3527108,Lins,SE,SP,76844
3527207,Lorena,SE,SP,87468
3527256,Lourdes,SE,SP,1962
3527306,Louveira,SE,SP,54865
3527405,Lucélia,SE,SP,20378
3527504,Lucianópolis,SE,SP,2423
3527603,Luís Antônio,SE,SP,12564
3527702,Luiziânia,SE,SP,4740
3527801,Lupércio,SE,SP,4004
3527900,Lutécia,SE,SP,2697
3528007,Macatuba,SE,SP,17140
3528106,Macaubal,SE,SP,7581
3528205,Macedônia,SE,SP,4058
3528304,Magda,SE,SP,3211
3528403,Mairinque,SE,SP,51888
3528502,Mairiporã,SE,SP,97835
3528601,Manduri,SE,SP,10122
3528700,Marabá Paulista,SE,SP,4619
3528809,Maracaí,SE,SP,12804
3528858,Marapoama,SE,SP,3415
3528908,Mariápolis,SE,SP,3526
3529005,Marília,SE,SP,247348
3529104,Marinópolis,SE,SP,1862
3150570,Pintópolis,SE,MG,7228
3150604,Piracema,SE,MG,6905
3150703,Pirajuba,SE,MG,5814
3150802,Piranga,SE,MG,17358
3150901,Piranguçu,SE,MG,6320
3151008,Piranguinho,SE,MG,9518
3151107,Pirapetinga,SE,MG,11454
3151206,Pirapora,SE,MG,57713
3151305,Piraúba,SE,MG,12006
3151404,Pitangui,SE,MG,27834
3151503,Piumhi,SE,MG,38007
3151602,Planura,SE,MG,11533
3151701,Poço Fundo,SE,MG,16824
3151800,Poços de Caldas,SE,MG,172339
3151909,Pocrane,SE,MG,8438
3152006,Pompéu,SE,MG,32441
3152105,Ponte Nova,SE,MG,59638
3152131,Ponto Chique,SE,MG,3797
3152170,Ponto dos Volantes,SE,MG,11059
3152204,Porteirinha,SE,MG,38692
3152303,Porto Firme,SE,MG,10840
3152402,Poté,SE,MG,13649
3152501,Pouso Alegre,SE,MG,162133
3152600,Pouso Alto,SE,MG,6779
3152709,Prados,SE,MG,9369
3152808,Prata,SE,MG,29745
3152907,Pratápolis,SE,MG,8534
3153004,Pratinha,SE,MG,3691
3153103,Presidente Bernardes,SE,MG,4847
3153202,Presidente Juscelino,SE,MG,3471
3153301,Presidente Kubitschek,SE,MG,3162
3153400,Presidente Olegário,SE,MG,19192
3153509,Alto Jequitibá,SE,MG,8606
3153608,Prudente de Morais,SE,MG,12052
3153707,Quartel Geral,SE,MG,3232
3153806,Queluzito,SE,MG,1796
3153905,Raposos,SE,MG,16796
3154002,Raul Soares,SE,MG,23874
3154101,Recreio,SE,MG,11383
3154150,Reduto,SE,MG,8246
3154200,Resende Costa,SE,MG,11544
3154309,Resplendor,SE,MG,17629
3154408,Ressaquinha,SE,MG,4640
3154457,Riachinho,SE,MG,6830
3154507,Riacho dos Machados,SE,MG,8858
3154606,Ribeirão das Neves,SE,MG,346971
3154705,Ribeirão Vermelho,SE,MG,4217
3154804,Rio Acima,SE,MG,10698
3154903,Rio Casca,SE,MG,12851
3155009,Rio Doce,SE,MG,2545
3155108,Rio do Prado,SE,MG,4649
3155207,Rio Espera,SE,MG,5447
3155306,Rio Manso,SE,MG,5746
3155405,Rio Novo,SE,MG,8683
3155504,Rio Paranaíba,SE,MG,15297
3155603,Rio Pardo de Minas,SE,MG,29103
3155702,Rio Piracicaba,SE,MG,15036
3155801,Rio Pomba,SE,MG,17885
3155900,Rio Preto,SE,MG,5235
3156007,Rio Vermelho,SE,MG,12770
3156106,Ritápolis,SE,MG,5122
3156205,Rochedo de Minas,SE,MG,2374
3156304,Rodeiro,SE,MG,9168
3156403,Romaria,SE,MG,3430
3156452,Rosário da Limeira,SE,MG,4926
3156502,Rubelita,SE,MG,5460
3156601,Rubim,SE,MG,10602
3156700,Sabará,SE,MG,134576
3156809,Sabinópolis,SE,MG,14309
3156908,Sacramento,SE,MG,28076
3157005,Salinas,SE,MG,41736
3157104,Salto da Divisa,SE,MG,6126
3157203,Santa Bárbara,SE,MG,31916
3157252,Santa Bárbara do Leste,SE,MG,8785
3157278,Santa Bárbara do Monte Verde,SE,MG,3218
3157302,Santa Bárbara do Tugúrio,SE,MG,4245
3157336,Santa Cruz de Minas,SE,MG,8339
3157377,Santa Cruz de Salinas,SE,MG,3919
3157401,Santa Cruz do Escalvado,SE,MG,4728
3157500,Santa Efigênia de Minas,SE,MG,4038
3157609,Santa Fé de Minas,SE,MG,3528
3157658,Santa Helena de Minas,SE,MG,6056
3157708,Santa Juliana,SE,MG,16820
3157807,Santa Luzia,SE,MG,230382
3157906,Santa Margarida,SE,MG,16989
3158003,Santa Maria de Itabira,SE,MG,10718
3158102,Santa Maria do Salto,SE,MG,4777
3202504,Ibiraçu,SE,ES,12304
3202553,Ibitirama,SE,ES,10015
3202603,Iconha,SE,ES,12790
3202652,Irupi,SE,ES,14647
3202702,Itaguaçu,SE,ES,14042
3202801,Itapemirim,SE,ES,44020
3202900,Itarana,SE,ES,10975
3203007,Iúna,SE,ES,30556
3203056,Jaguaré,SE,ES,31551
3203106,Jerônimo Monteiro,SE,ES,12108
3203130,João Neiva,SE,ES,14295
3203163,Laranja da Terra,SE,ES,11597
3203205,Linhares,SE,ES,183797
3203304,Mantenópolis,SE,ES,13131
3203320,Marataízes,SE,ES,45953
3203346,Marechal Floriano,SE,ES,18964
3203353,Marilândia,SE,ES,13087
3203403,Mimoso do Sul,SE,ES,25088
3203502,Montanha,SE,ES,19830
3203601,Mucurici,SE,ES,5653
3203700,Muniz Freire,SE,ES,18809
3203809,Muqui,SE,ES,14185
3203908,Nova Venécia,SE,ES,52324
3204005,Pancas,SE,ES,19120
3204054,Pedro Canário,SE,ES,21923
3204104,Pinheiros,SE,ES,24843
3204203,Piúma,SE,ES,23912
3204252,Ponto Belo,SE,ES,6671
3204302,Presidente Kennedy,SE,ES,14852
3204351,Rio Bananal,SE,ES,20350
3204401,Rio Novo do Sul,SE,ES,11471
3204500,Santa Leopoldina,SE,ES,13813
3204559,Santa Maria de Jetibá,SE,ES,45575
3204609,Santa Teresa,SE,ES,23872
3204658,São Domingos do Norte,SE,ES,9051
3204708,São Gabriel da Palha,SE,ES,34272
3204807,São José do Calçado,SE,ES,11411
3204906,São Mateus,SE,ES,134423
3204955,São Roque do Canaã,SE,ES,11256
3205002,Serra,SE,ES,579720
3205010,Sooretama,SE,ES,28668
3205036,Vargem Alta,SE,ES,20390
3205069,Venda Nova do Imigrante,SE,ES,25395
3205101,Viana,SE,ES,79043
3205150,Vila Pavão,SE,ES,9319
3205176,Vila Valério,SE,ES,14267
3205200,Vila Velha,SE,ES,506779
3205309,Vitória,SE,ES,343378
3300100,Angra dos Reis,SE,RJ,179142
3300159,Aperibé,SE,RJ,11426
3300209,Araruama,SE,RJ,137906
3300225,Areal,SE,RJ,12239
3300233,Armação dos Búzios,SE,RJ,42527
3300258,Arraial do Cabo,SE,RJ,32822
3300308,Barra do Piraí,SE,RJ,98506
3300407,Barra Mansa,SE,RJ,181679
3300456,Belford Roxo,SE,RJ,518384
3300506,Bom Jardim,SE,RJ,29758
3300605,Bom Jesus do Itabapoana,SE,RJ,37176
3300704,Cabo Frio,SE,RJ,238438
3300803,Cachoeiras de Macacu,SE,RJ,59861
3300902,Cambuci,SE,RJ,15069
3300936,Carapebus,SE,RJ,14329
3300951,Comendador Levy Gasparian,SE,RJ,9048
3301009,Campos dos Goytacazes,SE,RJ,519259
3301108,Cantagalo,SE,RJ,19995
3301157,Cardoso Moreira,SE,RJ,13407
3301207,Carmo,SE,RJ,17741
3301306,Casimiro de Abreu,SE,RJ,48636
3301405,Conceição de Macabu,SE,RJ,21770
3301504,Cordeiro,SE,RJ,21448
3301603,Duas Barras,SE,RJ,11355
3301702,Duque de Caxias,SE,RJ,866225
3301801,Engenheiro Paulo de Frontin,SE,RJ,12644
3301850,Guapimirim,SE,RJ,54311
3301876,Iguaba Grande,SE,RJ,29616
3301900,Itaboraí,SE,RJ,240127
3302007,Itaguaí,SE,RJ,124021
3302056,Italva,SE,RJ,14518
3302106,Itaocara,SE,RJ,23645
3302205,Itaperuna,SE,RJ,107297
3302254,Itatiaia,SE,RJ,32713
3302270,Japeri,SE,RJ,102171
3302304,Laje do Muriaé,SE,RJ,7584
3302403,Macaé,SE,RJ,264439
3302452,Macuco,SE,RJ,5602
3302502,Magé,SE,RJ,244142
3302601,Mangaratiba,SE,RJ,43660
3302700,Maricá,SE,RJ,212470
3302809,Mendes,SE,RJ,18048
3302858,Mesquita,SE,RJ,178830
3302908,Miguel Pereira,SE,RJ,28142
3303005,Miracema,SE,RJ,28416
3303104,Natividade,SE,RJ,15551
3303203,Nilópolis,SE,RJ,155500
3303302,Niterói,SE,RJ,516787
3303401,Nova Friburgo,SE,RJ,203417
3303500,Nova Iguaçu,SE,RJ,843220
3303609,Paracambi,SE,RJ,43627
3303708,Paraíba do Sul,SE,RJ,44479
3303807,Paraty,SE,RJ,47668
3303856,Paty do Alferes,SE,RJ,31370
3303906,Petrópolis,SE,RJ,294926
3303955,Pinheiral,SE,RJ,25096
3304003,Piraí,SE,RJ,29066
3304102,Porciúncula,SE,RJ,17832
3304110,Porto Real,SE,RJ,21089
3304128,Quatis,SE,RJ,14165
3304144,Queimados,SE,RJ,149135
3304151,Quissamã,SE,RJ,23142
3304201,Resende,SE,RJ,137697
3135001,Jaguaraçu,SE,MG,3181
3135050,Jaíba,SE,MG,39639
3135076,Jampruca,SE,MG,4266
3135100,Janaúba,SE,MG,73555
3135209,Januária,SE,MG,67123
3135308,Japaraíba,SE,MG,4706
3135357,Japonvar,SE,MG,8385
3135407,Jeceaba,SE,MG,6476
3135456,Jenipapo de Minas,SE,MG,6072
3135506,Jequeri,SE,MG,12636
3135605,Jequitaí,SE,MG,6379
3135704,Jequitibá,SE,MG,6142
3135803,Jequitinhonha,SE,MG,24516
3135902,Jesuânia,SE,MG,5320
3136009,Joaíma,SE,MG,14035
3136108,Joanésia,SE,MG,4246
3136207,João Monlevade,SE,MG,83791
3136306,João Pinheiro,SE,MG,48725
3136405,Joaquim Felício,SE,MG,3868
3136504,Jordânia,SE,MG,10541
3136520,José Gonçalves de Minas,SE,MG,3963
3136553,José Raydan,SE,MG,4349
3136579,Josenópolis,SE,MG,3557
3136603,Nova União,SE,MG,6107
3136652,Juatuba,SE,MG,33249
3136702,Juiz de Fora,SE,MG,567730
3136801,Juramento,SE,MG,3798
3136900,Juruaia,SE,MG,11652
3136959,Juvenília,SE,MG,5937
3137007,Ladainha,SE,MG,14263
3137106,Lagamar,SE,MG,6622
3137205,Lagoa da Prata,SE,MG,53927
3137304,Lagoa dos Patos,SE,MG,3237
3137403,Lagoa Dourada,SE,MG,13152
3137502,Lagoa Formosa,SE,MG,19614
3137536,Lagoa Grande,SE,MG,9235
3137601,Lagoa Santa,SE,MG,81299
3137700,Lajinha,SE,MG,21502
3137809,Lambari,SE,MG,21010
3137908,Lamim,SE,MG,3213
3138005,Laranjal,SE,MG,6018
3138104,Lassance,SE,MG,7398
3138203,Lavras,SE,MG,110682
3138302,Leandro Ferreira,SE,MG,3272
3138351,Leme do Prado,SE,MG,4364
3138401,Leopoldina,SE,MG,52739
3138500,Liberdade,SE,MG,4744
3138609,Lima Duarte,SE,MG,17782
3138625,Limeira do Oeste,SE,MG,9191
3138658,Lontra,SE,MG,8963
3138674,Luisburgo,SE,MG,7239
3138682,Luislândia,SE,MG,6323
3138708,Luminárias,SE,MG,5744
3138807,Luz,SE,MG,18336
3138906,Machacalis,SE,MG,6556
3139003,Machado,SE,MG,38809
3139102,Madre de Deus de Minas,SE,MG,5360
3139201,Malacacheta,SE,MG,17691
3139250,Mamonas,SE,MG,6082
3139300,Manga,SE,MG,19148
3139409,Manhuaçu,SE,MG,97328
3139508,Manhumirim,SE,MG,20939
3139607,Mantena,SE,MG,27350
3139706,Maravilhas,SE,MG,7532
3139805,Mar de Espanha,SE,MG,13180
3139904,Maria da Fé,SE,MG,14567
3140001,Mariana,SE,MG,64506
3140100,Marilac,SE,MG,4323
3140159,Mário Campos,SE,MG,16705
3140209,Maripá de Minas,SE,MG,3567
3140308,Marliéria,SE,MG,4796
3140407,Marmelópolis,SE,MG,3314
3140506,Martinho Campos,SE,MG,14546
3140530,Martins Soares,SE,MG,8797
3140555,Mata Verde,SE,MG,9532
3140605,Materlândia,SE,MG,3949
3140704,Mateus Leme,SE,MG,40814
3140803,Matias Barbosa,SE,MG,14547
3140852,Matias Cardoso,SE,MG,8922
3140902,Matipó,SE,MG,19115
3141009,Mato Verde,SE,MG,12210
3141108,Matozinhos,SE,MG,39529
3141207,Matutina,SE,MG,3912
3141306,Medeiros,SE,MG,4068
3141405,Medina,SE,MG,20455
3141504,Mendes Pimentel,SE,MG,5614
3141603,Mercês,SE,MG,10615
3141702,Mesquita,SE,MG,4984
3141801,Minas Novas,SE,MG,23843
3141900,Minduri,SE,MG,3811
3142007,Mirabela,SE,MG,14071
3142106,Miradouro,SE,MG,8961
3142205,Miraí,SE,MG,13921
3142254,Miravânia,SE,MG,3982
3142304,Moeda,SE,MG,5314
3142403,Moema,SE,MG,7812
3142502,Monjolos,SE,MG,2187
3142601,Monsenhor Paulo,SE,MG,8565
3142700,Montalvânia,SE,MG,14068
3142809,Monte Alegre de Minas,SE,MG,20708
3142908,Monte Azul,SE,MG,20497
3143005,Monte Belo,SE,MG,13347
3143104,Monte Carmelo,SE,MG,49500
3143153,Monte Formoso,SE,MG,4437
3143203,Monte Santo de Minas,SE,MG,21294
3143302,Montes Claros,SE,MG,437601
3143401,Monte Sião,SE,MG,25107
3143450,Montezuma,SE,MG,6951
3143500,Morada Nova de Minas,SE,MG,9414
3143609,Morro da Garça,SE,MG,2426
3143708,Morro do Pilar,SE,MG,3161
3143807,Munhoz,SE,MG,7930
3143906,Muriaé,SE,MG,108447
3144003,Mutum,SE,MG,28749
3144102,Muzambinho,SE,MG,22620
3144201,Nacip Raydan,SE,MG,2400
3144300,Nanuque,SE,MG,35263
3144359,Naque,SE,MG,6443
3144375,Natalândia,SE,MG,3642
3144409,Natércia,SE,MG,4805
3144508,Nazareno,SE,MG,8407
3144607,Nepomuceno,SE,MG,25757
3144656,Ninheira,SE,MG,10965
3144672,Nova Belém,SE,MG,3126
3144706,Nova Era,SE,MG,17813
3144805,Nova Lima,SE,MG,120959
3144904,Nova Módica,SE,MG,3726
3145000,Nova Ponte,SE,MG,15220
3145059,Nova Porteirinha,SE,MG,6746
3145109,Nova Resende,SE,MG,16919
3145208,Nova Serrana,SE,MG,114791
3145307,Novo Cruzeiro,SE,MG,27268
3145356,Novo Oriente de Minas,SE,MG,10503
3145372,Novorizonte,SE,MG,4612
3145406,Olaria,SE,MG,1986
3145455,Olhos-d'Água,SE,MG,5530
3145505,Olímpio Noronha,SE,MG,2618
3145604,Oliveira,SE,MG,40576
3145703,Oliveira Fortes,SE,MG,2058
3145802,Onça de Pitangui,SE,MG,3024
3145851,Oratórios,SE,MG,5102
3145877,Orizânia,SE,MG,8828
3145901,Ouro Branco,SE,MG,40638
3146008,Ouro Fino,SE,MG,33285
3146107,Ouro Preto,SE,MG,77914
3146206,Ouro Verde de Minas,SE,MG,5847
3146255,Padre Carvalho,SE,MG,5045
3146305,Padre Paraíso,SE,MG,17463
3146404,Paineiras,SE,MG,4253
3146503,Pains,SE,MG,8353
3146552,Pai Pedro,SE,MG,5616
3146602,Paiva,SE,MG,1495
3146701,Palma,SE,MG,5699
3146750,Palmópolis,SE,MG,6342
3146909,Papagaios,SE,MG,14202
3147006,Paracatu,SE,MG,99005
3147105,Pará de Minas,SE,MG,102844
3147204,Paraguaçu,SE,MG,22452
3147303,Paraisópolis,SE,MG,21076
3147402,Paraopeba,SE,MG,24899
3147501,Passabém,SE,MG,1609
3147600,Passa Quatro,SE,MG,15847
3147709,Passa Tempo,SE,MG,8716
3147808,Passa-Vinte,SE,MG,2311
3147907,Passos,SE,MG,116951
3147956,Patis,SE,MG,4825
3148004,Patos de Minas,SE,MG,169173
3148103,Patrocínio,SE,MG,94357
3148202,Patrocínio do Muriaé,SE,MG,5754
3148301,Paula Cândido,SE,MG,8757
3148400,Paulistas,SE,MG,4402
3148509,Pavão,SE,MG,8143
3148608,Peçanha,SE,MG,17863
3148707,Pedra Azul,SE,MG,25045
3148756,Pedra Bonita,SE,MG,7599
3148806,Pedra do Anta,SE,MG,3366
3148905,Pedra do Indaiá,SE,MG,4247
3149002,Pedra Dourada,SE,MG,2916
3149101,Pedralva,SE,MG,10891
3149150,Pedras de Maria da Cruz,SE,MG,10601
3149200,Pedrinópolis,SE,MG,3398
3149309,Pedro Leopoldo,SE,MG,65174
3149408,Pedro Teixeira,SE,MG,1857
3149507,Pequeri,SE,MG,3461
3149606,Pequi,SE,MG,4265
3149705,Perdigão,SE,MG,13118
3149804,Perdizes,SE,MG,17992
3149903,Perdões,SE,MG,22075
3149952,Periquito,SE,MG,6624
3150000,Pescador,SE,MG,3559
3150109,Piau,SE,MG,2854
3150158,Piedade de Caratinga,SE,MG,8966
3150208,Piedade de Ponte Nova,SE,MG,4054
3150307,Piedade do Rio Grande,SE,MG,4694
3150406,Piedade dos Gerais,SE,MG,5199
3150505,Pimenta,SE,MG,8817
3150539,Pingo-d'Água,SE,MG,4864
2910909,Firmino Alves,NE,BA,4993
2911006,Floresta Azul,NE,BA,11455
2911105,Formosa do Rio Preto,NE,BA,27567
2911204,Gandu,NE,BA,34051
2911253,Gavião,NE,BA,4489
2911303,Gentio do Ouro,NE,BA,11276
2911402,Glória,NE,BA,16107
2911501,Gongogi,NE,BA,5479
2911600,Governador Mangabeira,NE,BA,21353
2911659,Guajeru,NE,BA,8177
2911709,Guanambi,NE,BA,93488
2911808,Guaratinga,NE,BA,19413
2911857,Heliópolis,NE,BA,13055
2911907,Iaçu,NE,BA,25315
2912004,Ibiassucê,NE,BA,10746
2912103,Ibicaraí,NE,BA,22131
2912202,Ibicoara,NE,BA,21827
2912301,Ibicuí,NE,BA,14264
2912400,Ibipeba,NE,BA,17134
2912509,Ibipitanga,NE,BA,14317
2912608,Ibiquera,NE,BA,3833
2912707,Ibirapitanga,NE,BA,26917
2912806,Ibirapuã,NE,BA,9297
2912905,Ibirataia,NE,BA,19377
2913002,Ibitiara,NE,BA,15049
2913101,Ibititá,NE,BA,17517
2913200,Ibotirama,NE,BA,27723
2913309,Ichu,NE,BA,6428
2913408,Igaporã,NE,BA,16069
2913457,Igrapiúna,NE,BA,13501
2913507,Iguaí,NE,BA,21763
2913606,Ilhéus,NE,BA,189149
2913705,Inhambupe,NE,BA,35390
2913804,Ipecaetá,NE,BA,14016
2913903,Ipiaú,NE,BA,42429
2914000,Ipirá,NE,BA,59222
2914109,Ipupiara,NE,BA,10349
2914208,Irajuba,NE,BA,6232
2914307,Iramaia,NE,BA,11038
2914406,Iraquara,NE,BA,24833
2914505,Irará,NE,BA,29572
2914604,Irecê,NE,BA,78781
2914653,Itabela,NE,BA,29588
2914703,Itaberaba,NE,BA,68425
2914802,Itabuna,NE,BA,196344
2914901,Itacaré,NE,BA,29496
2915007,Itaeté,NE,BA,13775
2915106,Itagi,NE,BA,14347
2915205,Itagibá,NE,BA,15796
2915304,Itagimirim,NE,BA,6490
2915353,Itaguaçu da Bahia,NE,BA,12669
2915403,Itaju do Colônia,NE,BA,6118
2915502,Itajuípe,NE,BA,19191
2915601,Itamaraju,NE,BA,61999
2915700,Itamari,NE,BA,7187
2915809,Itambé,NE,BA,25088
2915908,Itanagra,NE,BA,6078
2916005,Itanhém,NE,BA,18203
2916104,Itaparica,NE,BA,20353
2916203,Itapé,NE,BA,10649
2916302,Itapebi,NE,BA,9464
2916401,Itapetinga,NE,BA,68724
2916500,Itapicuru,NE,BA,33284
2916609,Itapitanga,NE,BA,10640
2916708,Itaquara,NE,BA,8464
2916807,Itarantim,NE,BA,17485
2916856,Itatim,NE,BA,16454
2916906,Itiruçu,NE,BA,11211
2917003,Itiúba,NE,BA,35490
2917102,Itororó,NE,BA,16849
2917201,Ituaçu,NE,BA,18506
2917300,Ituberá,NE,BA,22154
2917334,Iuiú,NE,BA,11559
2917359,Jaborandi,NE,BA,9600
2917409,Jacaraci,NE,BA,14910
2917508,Jacobina,NE,BA,86896
2917607,Jaguaquara,NE,BA,47624
2917706,Jaguarari,NE,BA,34528
2917805,Jaguaripe,NE,BA,18349
2917904,Jandaíra,NE,BA,9508
2918001,Jequié,NE,BA,169201
2918100,Jeremoabo,NE,BA,39539
2918209,Jiquiriçá,NE,BA,14063
2918308,Jitaúna,NE,BA,14824
2918357,João Dourado,NE,BA,25892
2918407,Juazeiro,NE,BA,256122
2918456,Jucuruçu,NE,BA,9930
2918506,Jussara,NE,BA,17007
2918555,Jussari,NE,BA,6048
2918605,Jussiape,NE,BA,7567
2918704,Lafaiete Coutinho,NE,BA,4228
2918753,Lagoa Real,NE,BA,14550
2918803,Laje,NE,BA,21705
2918902,Lajedão,NE,BA,3994
2919009,Lajedinho,NE,BA,3610
2919058,Lajedo do Tabocal,NE,BA,7683
2512101,Pombal,NE,PB,33866
2512200,Prata,NE,PB,4032
2512309,Princesa Isabel,NE,PB,21674
2512408,Puxinanã,NE,PB,14942
2512507,Queimadas,NE,PB,50698
2512606,Quixaba,NE,PB,1803
2512705,Remígio,NE,PB,18399
2512721,Pedro Régis,NE,PB,5932
2512747,Riachão,NE,PB,2945
2512754,Riachão do Bacamarte,NE,PB,4911
2512762,Riachão do Poço,NE,PB,4989
2512788,Riacho de Santo Antônio,NE,PB,2063
2512804,Riacho dos Cavalos,NE,PB,8788
2512903,Rio Tinto,NE,PB,25500
2513000,Salgadinho,NE,PB,3435
2513109,Salgado de São Félix,NE,PB,11741
2513158,Santa Cecília,NE,PB,8113
2513208,Santa Cruz,NE,PB,6013
2513307,Santa Helena,NE,PB,6023
2513356,Santa Inês,NE,PB,3256
2513406,Santa Luzia,NE,PB,15418
2513505,Santana de Mangueira,NE,PB,5090
2513604,Santana dos Garrotes,NE,PB,6618
2513653,Joca Claudino,NE,PB,2607
2513703,Santa Rita,NE,PB,160852
2513802,Santa Teresinha,NE,PB,4492
2513851,Santo André,NE,PB,2708
2513901,São Bento,NE,PB,33845
2513927,São Bentinho,NE,PB,4490
2513943,São Domingos do Cariri,NE,PB,2688
2513968,São Domingos,NE,PB,2624
2513984,São Francisco,NE,PB,3176
2514008,São João do Cariri,NE,PB,4345
2514107,São João do Tigre,NE,PB,4359
2514206,São José da Lagoa Tapada,NE,PB,7251
2514305,São José de Caiana,NE,PB,4966
2514404,São José de Espinharas,NE,PB,4056
2514453,São José dos Ramos,NE,PB,6137
2514503,São José de Piranhas,NE,PB,19561
2514552,São José de Princesa,NE,PB,3323
2514602,São José do Bonfim,NE,PB,3337
2514651,São José do Brejo do Cruz,NE,PB,1750
2514701,São José do Sabugi,NE,PB,4283
2514800,São José dos Cordeiros,NE,PB,3462
2514909,São Mamede,NE,PB,7629
2515005,São Miguel de Taipu,NE,PB,7307
2515104,São Sebastião de Lagoa de Roça,NE,PB,11387
2515203,São Sebastião do Umbuzeiro,NE,PB,3382
2515302,Sapé,NE,PB,53457
2515401,São Vicente do Seridó,NE,PB,10652
2515500,Serra Branca,NE,PB,14131
2515609,Serra da Raiz,NE,PB,3156
2515708,Serra Grande,NE,PB,3056
2515807,Serra Redonda,NE,PB,6975
2515906,Serraria,NE,PB,4754
2515930,Sertãozinho,NE,PB,5332
2515971,Sobrado,NE,PB,8646
2516003,Solânea,NE,PB,27748
2516102,Soledade,NE,PB,14409
2516151,Sossêgo,NE,PB,3476
2516201,Sousa,NE,PB,70066
2516300,Sumé,NE,PB,17852
2516409,Tacima,NE,PB,7794
2516508,Taperoá,NE,PB,14358
2516607,Tavares,NE,PB,14473
2516706,Teixeira,NE,PB,15129
2516755,Tenório,NE,PB,3082
2516805,Triunfo,NE,PB,10315
2516904,Uiraúna,NE,PB,15431
2517001,Umbuzeiro,NE,PB,9274
2517100,Várzea,NE,PB,2777
2517209,Vieirópolis,NE,PB,4967
2517407,Zabelê,NE,PB,2323
2600054,Abreu e Lima,NE,PE,104248
2600104,Afogados da Ingazeira,NE,PE,42672
2600203,Afrânio,NE,PE,19409
2600302,Agrestina,NE,PE,24680
2600401,Água Preta,NE,PE,26981
2600500,Águas Belas,NE,PE,43822
2600609,Alagoinha,NE,PE,14460
2600708,Aliança,NE,PE,37349
2600807,Altinho,NE,PE,21134
2600906,Amaraji,NE,PE,18335
2601003,Angelim,NE,PE,10591
2601052,Araçoiaba,NE,PE,19996
2601102,Araripina,NE,PE,90504
2601201,Arcoverde,NE,PE,82487
2601300,Barra de Guabiraba,NE,PE,12601
2601409,Barreiros,NE,PE,42083
2601508,Belém de Maria,NE,PE,10798
2601607,Belém do São Francisco,NE,PE,18648
2601706,Belo Jardim,NE,PE,84033
2601805,Betânia,NE,PE,11961
2601904,Bezerros,NE,PE,65007
2602001,Bodocó,NE,PE,36145
2602100,Bom Conselho,NE,PE,46202
2602209,Bom Jardim,NE,PE,39289
2602308,Bonito,NE,PE,39212
2602407,Brejão,NE,PE,9417
2602506,Brejinho,NE,PE,8033
2602605,Brejo da Madre de Deus,NE,PE,51308
2602704,Buenos Aires,NE,PE,13276
2602803,Buíque,NE,PE,53489
2602902,Cabo de Santo Agostinho,NE,PE,218049
2603009,Cabrobó,NE,PE,31762
2603108,Cachoeirinha,NE,PE,20673
2603207,Caetés,NE,PE,30571
2603306,Calçado,NE,PE,11453
3158201,Santa Maria do Suaçuí,SE,MG,12817
3158300,Santana da Vargem,SE,MG,6756
3158409,Santana de Cataguases,SE,MG,3548
3158508,Santana de Pirapama,SE,MG,7030
3158607,Santana do Deserto,SE,MG,3815
3158706,Santana do Garambéu,SE,MG,2171
3158805,Santana do Jacaré,SE,MG,4246
3158904,Santana do Manhuaçu,SE,MG,9264
3158953,Santana do Paraíso,SE,MG,49025
3159001,Santana do Riacho,SE,MG,5654
3159100,Santana dos Montes,SE,MG,3490
3159209,Santa Rita de Caldas,SE,MG,8561
3159308,Santa Rita de Jacutinga,SE,MG,4826
3159357,Santa Rita de Minas,SE,MG,6969
3159407,Santa Rita de Ibitipoca,SE,MG,3331
3159506,Santa Rita do Itueto,SE,MG,5984
3159605,Santa Rita do Sapucaí,SE,MG,42517
3159704,Santa Rosa da Serra,SE,MG,3487
3159803,Santa Vitória,SE,MG,21914
3159902,Santo Antônio do Amparo,SE,MG,17657
3160009,Santo Antônio do Aventureiro,SE,MG,3896
3160108,Santo Antônio do Grama,SE,MG,4352
3160207,Santo Antônio do Itambé,SE,MG,3969
3160306,Santo Antônio do Jacinto,SE,MG,10324
3160405,Santo Antônio do Monte,SE,MG,28456
3160454,Santo Antônio do Retiro,SE,MG,6729
3160504,Santo Antônio do Rio Abaixo,SE,MG,1856
3160603,Santo Hipólito,SE,MG,2692
3160702,Santos Dumont,SE,MG,43218
3160801,São Bento Abade,SE,MG,4846
3160900,São Brás do Suaçuí,SE,MG,4161
3160959,São Domingos das Dores,SE,MG,5793
3161007,São Domingos do Prata,SE,MG,17783
3161056,São Félix de Minas,SE,MG,3244
3161106,São Francisco,SE,MG,54223
3161205,São Francisco de Paula,SE,MG,6281
3161304,São Francisco de Sales,SE,MG,5858
3161403,São Francisco do Glória,SE,MG,4848
3161502,São Geraldo,SE,MG,10524
3161601,São Geraldo da Piedade,SE,MG,3200
3161650,São Geraldo do Baixio,SE,MG,3158
3161700,São Gonçalo do Abaeté,SE,MG,7515
3161809,São Gonçalo do Pará,SE,MG,12275
3161908,São Gonçalo do Rio Abaixo,SE,MG,12475
3162005,São Gonçalo do Sapucaí,SE,MG,24497
3162104,São Gotardo,SE,MG,43851
3162203,São João Batista do Glória,SE,MG,7959
3162252,São João da Lagoa,SE,MG,4962
3162302,São João da Mata,SE,MG,3012
3162401,São João da Ponte,SE,MG,24197
3162450,São João das Missões,SE,MG,13547
3162500,São João del Rei,SE,MG,94468
3162559,São João do Manhuaçu,SE,MG,11676
3162575,São João do Manteninha,SE,MG,5479
3162609,São João do Oriente,SE,MG,7099
3162658,São João do Pacuí,SE,MG,4050
3162708,São João do Paraíso,SE,MG,24706
3162807,São João Evangelista,SE,MG,15613
3162906,São João Nepomuceno,SE,MG,26529
3162922,São Joaquim de Bicas,SE,MG,37017
3162948,São José da Barra,SE,MG,8145
3162955,São José da Lapa,SE,MG,28087
3163003,São José da Safira,SE,MG,3849
3163102,São José da Varginha,SE,MG,4698
3163201,São José do Alegre,SE,MG,4252
3163300,São José do Divino,SE,MG,3482
3163409,São José do Goiabal,SE,MG,5482
3163508,São José do Jacuri,SE,MG,6282
3163607,São José do Mantimento,SE,MG,2844
3163706,São Lourenço,SE,MG,46868
3163805,São Miguel do Anta,SE,MG,6410
3163904,São Pedro da União,SE,MG,4973
3164001,São Pedro dos Ferros,SE,MG,7132
3164100,São Pedro do Suaçuí,SE,MG,5143
3164209,São Romão,SE,MG,10562
3164308,São Roque de Minas,SE,MG,7370
3164407,São Sebastião da Bela Vista,SE,MG,6778
3164431,São Sebastião da Vargem Alegre,SE,MG,3239
3164472,São Sebastião do Anta,SE,MG,6415
3164506,São Sebastião do Maranhão,SE,MG,10218
3164605,São Sebastião do Oeste,SE,MG,9527
3164704,São Sebastião do Paraíso,SE,MG,75179
3164803,São Sebastião do Rio Preto,SE,MG,1229
3164902,São Sebastião do Rio Verde,SE,MG,2385
3165008,São Tiago,SE,MG,11559
3165107,São Tomás de Aquino,SE,MG,6837
3165206,São Tomé das Letras,SE,MG,7107
3165305,São Vicente de Minas,SE,MG,6928
3165404,Sapucaí-Mirim,SE,MG,6469
3165503,Sardoá,SE,MG,5140
3165537,Sarzedo,SE,MG,39974
3165552,Setubinha,SE,MG,9985
3165560,Sem-Peixe,SE,MG,2420
3165578,Senador Amaral,SE,MG,6517
3165602,Senador Cortes,SE,MG,2335
3165701,Senador Firmino,SE,MG,7977
3165800,Senador José Bento,SE,MG,2149
2927408,Salvador,NE,BA,2564204
2927507,Santa Bárbara,NE,BA,21787
2927606,Santa Brígida,NE,BA,15417
2927705,Santa Cruz Cabrália,NE,BA,31007
2927804,Santa Cruz da Vitória,NE,BA,4663
4120853,Quatro Pontes,SU,PR,4672
4120903,Quedas do Iguaçu,SU,PR,31423
4121000,Querência do Norte,SU,PR,10625
4121109,Quinta do Sol,SU,PR,5052
4121208,Quitandinha,SU,PR,18882
4121257,Ramilândia,SU,PR,4279
4121307,Rancho Alegre,SU,PR,3472
4121356,Rancho Alegre D'Oeste,SU,PR,2623
4121406,Realeza,SU,PR,20097
4121505,Rebouças,SU,PR,14825
4121604,Renascença,SU,PR,6945
4121703,Reserva,SU,PR,24878
4121752,Reserva do Iguaçu,SU,PR,6493
4121802,Ribeirão Claro,SU,PR,12856
4121901,Ribeirão do Pinhal,SU,PR,13158
4122008,Rio Azul,SU,PR,14174
4122107,Rio Bom,SU,PR,3214
4122156,Rio Bonito do Iguaçu,SU,PR,14297
4122172,Rio Branco do Ivaí,SU,PR,3841
4122206,Rio Branco do Sul,SU,PR,40308
4122305,Rio Negro,SU,PR,31951
4122404,Rolândia,SU,PR,75818
4122503,Roncador,SU,PR,11339
4122602,Rondon,SU,PR,9255
4122651,Rosário do Ivaí,SU,PR,5484
4122701,Sabáudia,SU,PR,9511
4122800,Salgado Filho,SU,PR,4090
4122909,Salto do Itararé,SU,PR,5214
4123006,Salto do Lontra,SU,PR,15706
4123105,Santa Amélia,SU,PR,3358
4123204,Santa Cecília do Pavão,SU,PR,3357
4123303,Santa Cruz de Monte Castelo,SU,PR,8840
4123402,Santa Fé,SU,PR,11730
4123501,Santa Helena,SU,PR,26461
4123600,Santa Inês,SU,PR,1745
4123709,Santa Isabel do Ivaí,SU,PR,9043
4123808,Santa Izabel do Oeste,SU,PR,14462
4123824,Santa Lúcia,SU,PR,3638
4123857,Santa Maria do Oeste,SU,PR,9869
4123907,Santa Mariana,SU,PR,10941
4123956,Santa Mônica,SU,PR,3361
4124004,Santana do Itararé,SU,PR,5646
4124020,Santa Tereza do Oeste,SU,PR,13938
4124053,Santa Terezinha de Itaipu,SU,PR,25300
4124103,Santo Antônio da Platina,SU,PR,45628
4124202,Santo Antônio do Caiuá,SU,PR,2474
4124301,Santo Antônio do Paraíso,SU,PR,2088
4124400,Santo Antônio do Sudoeste,SU,PR,24980
4124509,Santo Inácio,SU,PR,6463
4124608,São Carlos do Ivaí,SU,PR,6727
4124707,São Jerônimo da Serra,SU,PR,10884
4124806,São João,SU,PR,12297
4124905,São João do Caiuá,SU,PR,5607
4125001,São João do Ivaí,SU,PR,10639
4125100,São João do Triunfo,SU,PR,13899
4125209,São Jorge d'Oeste,SU,PR,9587
4125308,São Jorge do Ivaí,SU,PR,5170
4125357,São Jorge do Patrocínio,SU,PR,6690
4125407,São José da Boa Vista,SU,PR,6023
4125456,São José das Palmeiras,SU,PR,4031
4125506,São José dos Pinhais,SU,PR,349880
4125555,São Manoel do Paraná,SU,PR,2176
4125605,São Mateus do Sul,SU,PR,43490
4125704,São Miguel do Iguaçu,SU,PR,30416
4125753,São Pedro do Iguaçu,SU,PR,5730
4125803,São Pedro do Ivaí,SU,PR,8514
4125902,São Pedro do Paraná,SU,PR,2726
4126009,São Sebastião da Amoreira,SU,PR,8063
4126108,São Tomé,SU,PR,5282
4126207,Sapopema,SU,PR,6778
4126256,Sarandi,SU,PR,128106
4126272,Saudade do Iguaçu,SU,PR,6413
4126306,Sengés,SU,PR,17256
4126355,Serranópolis do Iguaçu,SU,PR,5161
4126405,Sertaneja,SU,PR,5654
4126504,Sertanópolis,SU,PR,16210
4126603,Siqueira Campos,SU,PR,24031
4126652,Sulina,SU,PR,3498
4126678,Tamarana,SU,PR,10540
4126702,Tamboara,SU,PR,4986
4126801,Tapejara,SU,PR,16326
4126900,Tapira,SU,PR,5807
4127007,Teixeira Soares,SU,PR,9540
4127106,Telêmaco Borba,SU,PR,77479
4127205,Terra Boa,SU,PR,18168
4127304,Terra Rica,SU,PR,14961
4127403,Terra Roxa,SU,PR,18636
4127502,Tibagi,SU,PR,20374
4127601,Tijucas do Sul,SU,PR,18458
4127700,Toledo,SU,PR,160701
4127809,Tomazina,SU,PR,8523
4127858,Três Barras do Paraná,SU,PR,11157
4127882,Tunas do Paraná,SU,PR,6304
4127908,Tuneiras do Oeste,SU,PR,8067
4127957,Tupãssi,SU,PR,8208
4127965,Turvo,SU,PR,14101
4128005,Ubiratã,SU,PR,25732
4128104,Umuarama,SU,PR,123059
4128203,União da Vitória,SU,PR,56560
4128302,Uniflor,SU,PR,2106
4128401,Uraí,SU,PR,10308
4128500,Wenceslau Braz,SU,PR,19398
4128534,Ventania,SU,PR,9760
4128559,Vera Cruz do Oeste,SU,PR,8178
4128609,Verê,SU,PR,8077
4128625,Alto Paraíso,SU,PR,3067
4128633,Doutor Ulysses,SU,PR,5744
4128658,Virmond,SU,PR,3828
4128708,Vitorino,SU,PR,10549
4128807,Xambrê,SU,PR,5835
4200051,Abdon Batista,SU,SC,2629
4200101,Abelardo Luz,SU,SC,17767
4200200,Agrolândia,SU,SC,11646
4200309,Agronômica,SU,SC,6511
4200408,Água Doce,SU,SC,6587
4200507,Águas de Chapecó,SU,SC,6123
4200556,Águas Frias,SU,SC,3000
4200606,Águas Mornas,SU,SC,7193
4200705,Alfredo Wagner,SU,SC,10963
4200754,Alto Bela Vista,SU,SC,1847
4200804,Anchieta,SU,SC,5955
4200903,Angelina,SU,SC,5484
4201000,Anita Garibaldi,SU,SC,8339
4201109,Anitápolis,SU,SC,3761
4201208,Antônio Carlos,SU,SC,12464
4201257,Apiúna,SU,SC,10041
4201273,Arabutã,SU,SC,4505
4201307,Araquari,SU,SC,52079
4201406,Araranguá,SU,SC,76611
4201505,Armazém,SU,SC,9289
4201604,Arroio Trinta,SU,SC,3634
4201653,Arvoredo,SU,SC,2623
4201703,Ascurra,SU,SC,8720
4201802,Atalanta,SU,SC,3265
4201901,Aurora,SU,SC,7241
4201950,Balneário Arroio do Silva,SU,SC,17786
4202008,Balneário Camboriú,SU,SC,151674
4202057,Balneário Barra do Sul,SU,SC,16953
4202073,Balneário Gaivota,SU,SC,17986
4202081,Bandeirante,SU,SC,3265
4202099,Barra Bonita,SU,SC,1642
4202107,Barra Velha,SU,SC,52860
4202131,Bela Vista do Toldo,SU,SC,5939
4202156,Belmonte,SU,SC,2712
4202206,Benedito Novo,SU,SC,10757
4202305,Biguaçu,SU,SC,83756
4202404,Blumenau,SU,SC,385558
4202438,Bocaina do Sul,SU,SC,3639
4202453,Bombinhas,SU,SC,28738
4202503,Bom Jardim da Serra,SU,SC,3995
4202537,Bom Jesus,SU,SC,2896
4202578,Bom Jesus do Oeste,SU,SC,2240
4202602,Bom Retiro,SU,SC,8422
4202701,Botuverá,SU,SC,5705
4202800,Braço do Norte,SU,SC,35985
4202859,Braço do Trombudo,SU,SC,4256
4202875,Brunópolis,SU,SC,2433
4202909,Brusque,SU,SC,155307
4203006,Caçador,SU,SC,76298
4203105,Caibi,SU,SC,6441
4203154,Calmon,SU,SC,3519
4203204,Camboriú,SU,SC,117324
4203253,Capão Alto,SU,SC,2636
4203303,Campo Alegre,SU,SC,12886
4203402,Campo Belo do Sul,SU,SC,7324
4203501,Campo Erê,SU,SC,9864
4203600,Campos Novos,SU,SC,39049
4203709,Canelinha,SU,SC,13618
4203808,Canoinhas,SU,SC,56948
4203907,Capinzal,SU,SC,24414
4203956,Capivari de Baixo,SU,SC,25015
4204004,Catanduvas,SU,SC,11033
4204103,Caxambu do Sul,SU,SC,4752
4204152,Celso Ramos,SU,SC,2864
4204178,Cerro Negro,SU,SC,3303
4204194,Chapadão do Lageado,SU,SC,3053
4204202,Chapecó,SU,SC,282648
4204251,Cocal do Sul,SU,SC,18106
4204301,Concórdia,SU,SC,87206
4204350,Cordilheira Alta,SU,SC,5192
4204400,Coronel Freitas,SU,SC,10604
4204459,Coronel Martins,SU,SC,1993
4204509,Corupá,SU,SC,15912
4204558,Correia Pinto,SU,SC,16253
4204608,Criciúma,SU,SC,227438
4204707,Cunha Porã,SU,SC,11242
4204756,Cunhataí,SU,SC,2026
4204806,Curitibanos,SU,SC,41741
4204905,Descanso,SU,SC,8652
4205001,Dionísio Cerqueira,SU,SC,15316
4205100,Dona Emma,SU,SC,4435
4205159,Doutor Pedrinho,SU,SC,3729
4205175,Entre Rios,SU,SC,3561
4205191,Ermo,SU,SC,2354
4205209,Erval Velho,SU,SC,5137
4205308,Faxinal dos Guedes,SU,SC,11537
4205357,Flor do Sertão,SU,SC,1868
4205407,Florianópolis,SU,SC,587486
4205431,Formosa do Sul,SU,SC,2752
4205456,Forquilhinha,SU,SC,34771
4205506,Fraiburgo,SU,SC,34065
4205555,Frei Rogério,SU,SC,2437
4205605,Galvão,SU,SC,3168
4205704,Garopaba,SU,SC,34070
4205803,Garuva,SU,SC,19970
4205902,Gaspar,SU,SC,78344
4206009,Governador Celso Ramos,SU,SC,18280
4206108,Grão Pará,SU,SC,6403
4206207,Gravatal,SU,SC,13158
4206306,Guabiruba,SU,SC,26645
4206405,Guaraciaba,SU,SC,11071
4206504,Guaramirim,SU,SC,51009
4206603,Guarujá do Sul,SU,SC,4893
4206652,Guatambú,SU,SC,9611
4206702,Herval d'Oeste,SU,SC,22222
4206751,Ibiam,SU,SC,2061
4206801,Ibicaré,SU,SC,3295
4206900,Ibirama,SU,SC,20900
4207007,Içara,SU,SC,63489
4207106,Ilhota,SU,SC,18627
4207205,Imaruí,SU,SC,12150
4207304,Imbituba,SU,SC,57256
4207403,Imbuia,SU,SC,6166
4207502,Indaial,SU,SC,77888
4207577,Iomerê,SU,SC,2967
4207601,Ipira,SU,SC,4622
4207650,Iporã do Oeste,SU,SC,9759
4207684,Ipuaçu,SU,SC,8133
4207700,Ipumirim,SU,SC,8121
4207759,Iraceminha,SU,SC,3981
4207809,Irani,SU,SC,10560
4207858,Irati,SU,SC,2098
4207908,Irineópolis,SU,SC,10427
4208005,Itá,SU,SC,7370
4208104,Itaiópolis,SU,SC,22906
4208203,Itajaí,SU,SC,294850
4208302,Itapema,SU,SC,86116
4208401,Itapiranga,SU,SC,17268
4208450,Itapoá,SU,SC,36033
4208500,Ituporanga,SU,SC,28461
4208609,Jaborá,SU,SC,4461
4208708,Jacinto Machado,SU,SC,10818
4208807,Jaguaruna,SU,SC,21570
4208906,Jaraguá do Sul,SU,SC,199519
4208955,Jardinópolis,SU,SC,1810
4209003,Joaçaba,SU,SC,31809
4209102,Joinville,SU,SC,664541
4209151,José Boiteux,SU,SC,6415
4209177,Jupiá,SU,SC,2713
4209201,Lacerdópolis,SU,SC,2302
4209300,Lages,SU,SC,172458
4209409,Laguna,SU,SC,44060
4209458,Lajeado Grande,SU,SC,1791
4209508,Laurentino,SU,SC,8605
4209607,Lauro Muller,SU,SC,14628
4209706,Lebon Régis,SU,SC,11575
4209805,Leoberto Leal,SU,SC,3379
4209854,Lindóia do Sul,SU,SC,4604
4209904,Lontras,SU,SC,13829
4210001,Luiz Alves,SU,SC,12246
4210035,Luzerna,SU,SC,5951
4210050,Macieira,SU,SC,1796
4210100,Mafra,SU,SC,57262
4210209,Major Gercino,SU,SC,3253
4210308,Major Vieira,SU,SC,7543
4210407,Maracajá,SU,SC,8344
4210506,Maravilha,SU,SC,30743
4210555,Marema,SU,SC,2218
4210605,Massaranduba,SU,SC,18122
4210704,Matos Costa,SU,SC,2789
2306801,Jaguaribara,NE,CE,10668
2306900,Jaguaribe,NE,CE,35143
2307007,Jaguaruana,NE,CE,33115
2307106,Jardim,NE,CE,28801
2307205,Jati,NE,CE,8114
2307254,Jijoca de Jericoacoara,NE,CE,28198
2307304,Juazeiro do Norte,NE,CE,305531
2307403,Jucás,NE,CE,24624
2307502,Lavras da Mangabeira,NE,CE,32163
2307601,Limoeiro do Norte,NE,CE,62623
2307635,Madalena,NE,CE,17235
2307650,Maracanaú,NE,CE,251613
2307700,Maranguape,NE,CE,108622
2307809,Marco,NE,CE,27177
2307908,Martinópole,NE,CE,11280
2308005,Massapê,NE,CE,39840
2308104,Mauriti,NE,CE,47501
2308203,Meruoca,NE,CE,15853
2308302,Milagres,NE,CE,26819
2308351,Milhã,NE,CE,14713
2308377,Miraíma,NE,CE,14826
2308401,Missão Velha,NE,CE,38997
2308500,Mombaça,NE,CE,38451
2308609,Monsenhor Tabosa,NE,CE,17705
2308708,Morada Nova,NE,CE,65390
2308807,Moraújo,NE,CE,8537
2308906,Morrinhos,NE,CE,23747
2309003,Mucambo,NE,CE,13999
2309102,Mulungu,NE,CE,11064
2309201,Nova Olinda,NE,CE,16045
2309300,Nova Russas,NE,CE,32053
2309409,Novo Oriente,NE,CE,29097
2309458,Ocara,NE,CE,25272
2309508,Orós,NE,CE,19943
2309607,Pacajus,NE,CE,75454
2309706,Pacatuba,NE,CE,86564
2309805,Pacoti,NE,CE,11421
2309904,Pacujá,NE,CE,6348
2310001,Palhano,NE,CE,9709
2310100,Palmácia,NE,CE,10252
2310209,Paracuru,NE,CE,41894
2310258,Paraipaba,NE,CE,34086
2310308,Parambu,NE,CE,32867
2310407,Paramoti,NE,CE,10462
2310506,Pedra Branca,NE,CE,42227
2310605,Penaforte,NE,CE,9357
2310704,Pentecoste,NE,CE,39903
2310803,Pereiro,NE,CE,15858
2310852,Pindoretama,NE,CE,24919
2310902,Piquet Carneiro,NE,CE,17285
2310951,Pires Ferreira,NE,CE,10984
2311009,Poranga,NE,CE,12441
2311108,Porteiras,NE,CE,17877
2311207,Potengi,NE,CE,8854
2311231,Potiretama,NE,CE,6128
2311264,Quiterianópolis,NE,CE,20545
2311306,Quixadá,NE,CE,88846
2311355,Quixelô,NE,CE,16998
2311405,Quixeramobim,NE,CE,86431
2311504,Quixeré,NE,CE,21659
2311603,Redenção,NE,CE,28382
2311702,Reriutaba,NE,CE,19051
2311801,Russas,NE,CE,74834
2311900,Saboeiro,NE,CE,13943
2311959,Salitre,NE,CE,17303
2312007,Santana do Acaraú,NE,CE,32133
2312106,Santana do Cariri,NE,CE,17391
2312205,Santa Quitéria,NE,CE,41569
2312304,São Benedito,NE,CE,50058
2312403,São Gonçalo do Amarante,NE,CE,58191
2312502,São João do Jaguaribe,NE,CE,5683
2312601,São Luís do Curu,NE,CE,10888
2312700,Senador Pompeu,NE,CE,25108
2312809,Senador Sá,NE,CE,7551
2312908,Sobral,NE,CE,216519
2313005,Solonópole,NE,CE,18785
2313104,Tabuleiro do Norte,NE,CE,32122
2313203,Tamboril,NE,CE,25287
2313252,Tarrafas,NE,CE,7574
2313302,Tauá,NE,CE,64655
2313351,Tejuçuoca,NE,CE,17646
2313401,Tianguá,NE,CE,86968
2313500,Trairi,NE,CE,62004
2313559,Tururu,NE,CE,15524
2313609,Ubajara,NE,CE,34424
2313708,Umari,NE,CE,6963
2313757,Umirim,NE,CE,17751
2313807,Uruburetama,NE,CE,21331
2313906,Uruoca,NE,CE,14308
2313955,Varjota,NE,CE,18708
2314003,Várzea Alegre,NE,CE,40878
2314102,Viçosa do Ceará,NE,CE,62972
2400109,Acari,NE,RN,10855
2400208,Açu,NE,RN,59099
2400307,Afonso Bezerra,NE,RN,11158
2400406,Água Nova,NE,RN,3029
2400505,Alexandria,NE,RN,14058
2400604,Almino Afonso,NE,RN,4802
2400703,Alto do Rodrigues,NE,RN,12874
2400802,Angicos,NE,RN,11985
2400901,Antônio Martins,NE,RN,6730
2401008,Apodi,NE,RN,37486
2401107,Areia Branca,NE,RN,24607
2401206,Arês,NE,RN,13681
2401305,Campo Grande,NE,RN,10071
2401404,Baía Formosa,NE,RN,9115
2401453,Baraúna,NE,RN,28415
2401503,Barcelona,NE,RN,4108
2401602,Bento Fernandes,NE,RN,4911
2401651,Bodó,NE,RN,2360
2401701,Bom Jesus,NE,RN,10308
2401800,Brejinho,NE,RN,12638
2401859,Caiçara do Norte,NE,RN,6479
2401909,Caiçara do Rio do Vento,NE,RN,3360
2402006,Caicó,NE,RN,63338
2402105,Campo Redondo,NE,RN,10510
2402204,Canguaretama,NE,RN,30789
2402303,Caraúbas,NE,RN,20182
2402402,Carnaúba dos Dantas,NE,RN,8296
2402501,Carnaubais,NE,RN,10026
2402600,Ceará-Mirim,NE,RN,83543
2402709,Cerro Corá,NE,RN,11334
2402808,Coronel Ezequiel,NE,RN,5233
2402907,Coronel João Pessoa,NE,RN,4297
2403004,Cruzeta,NE,RN,8245
2403103,Currais Novos,NE,RN,42922
2403202,Doutor Severiano,NE,RN,7262
2403251,Parnamirim,NE,RN,271713
2403301,Encanto,NE,RN,6289
2403400,Equador,NE,RN,5461
2403509,Espírito Santo,NE,RN,10951
2403608,Extremoz,NE,RN,68584
2403707,Felipe Guerra,NE,RN,6472
2403756,Fernando Pedroza,NE,RN,3035
2403806,Florânia,NE,RN,10556
2403905,Francisco Dantas,NE,RN,2758
2404002,Frutuoso Gomes,NE,RN,4230
2404101,Galinhos,NE,RN,2159
2404200,Goianinha,NE,RN,28422
2404309,Governador Dix-Sept Rosado,NE,RN,12231
2404408,Grossos,NE,RN,10281
2404507,Guamaré,NE,RN,16076
2404606,Ielmo Marinho,NE,RN,11889
2404705,Ipanguaçu,NE,RN,14560
2404804,Ipueira,NE,RN,2090
2404853,Itajá,NE,RN,7551
2404903,Itaú,NE,RN,5447
2405009,Jaçanã,NE,RN,8053
2405108,Jandaíra,NE,RN,6752
2405207,Janduís,NE,RN,4813
2405306,Boa Saúde,NE,RN,8843
2405405,Japi,NE,RN,5219
2405504,Jardim de Angicos,NE,RN,2488
2405603,Jardim de Piranhas,NE,RN,14446
2405702,Jardim do Seridó,NE,RN,11942
2405801,João Câmara,NE,RN,34849
2405900,João Dias,NE,RN,2073
2406007,José da Penha,NE,RN,5966
2406106,Jucurutu,NE,RN,18304
2406155,Jundiá,NE,RN,3868
2406205,Lagoa d'Anta,NE,RN,6756
2406304,Lagoa de Pedras,NE,RN,7597
2406403,Lagoa de Velhos,NE,RN,2631
2406502,Lagoa Nova,NE,RN,16203
2406601,Lagoa Salgada,NE,RN,8657
2406700,Lajes,NE,RN,10094
2406809,Lajes Pintadas,NE,RN,4950
2406908,Lucrécia,NE,RN,3576
2407005,Luís Gomes,NE,RN,9271
2407104,Macaíba,NE,RN,87056
2407203,Macau,NE,RN,28350
2407252,Major Sales,NE,RN,4086
2407302,Marcelino Vieira,NE,RN,8083
2407401,Martins,NE,RN,8415
2407500,Maxaranguape,NE,RN,10534
2407609,Messias Targino,NE,RN,4410
2407708,Montanhas,NE,RN,11785
2407807,Monte Alegre,NE,RN,23953
2407906,Monte das Gameleiras,NE,RN,2345
2408003,Mossoró,NE,RN,278587
2408102,Natal,NE,RN,784249
2408201,Nísia Floresta,NE,RN,34325
2408300,Nova Cruz,NE,RN,35523
2408409,Olho-d'Água do Borges,NE,RN,3736
2408508,Ouro Branco,NE,RN,5084
2408607,Paraná,NE,RN,4048
2408706,Paraú,NE,RN,3650
2408805,Parazinho,NE,RN,4945
2408904,Parelhas,NE,RN,22242
2408953,Rio do Fogo,NE,RN,10692
2409100,Passa e Fica,NE,RN,11407
2409209,Passagem,NE,RN,3233
2409308,Patu,NE,RN,11215
2409332,Santa Maria,NE,RN,5000
2409407,Pau dos Ferros,NE,RN,32123
2409506,Pedra Grande,NE,RN,3736
2409605,Pedra Preta,NE,RN,2495
2409704,Pedro Avelino,NE,RN,6312
2409803,Pedro Velho,NE,RN,14197
2409902,Pendências,NE,RN,12499
2410009,Pilões,NE,RN,2992
2410108,Poço Branco,NE,RN,12565
2410207,Portalegre,NE,RN,7859
2410256,Porto do Mangue,NE,RN,5351
2410306,Serra Caiada,NE,RN,11203
2410405,Pureza,NE,RN,9752
2410504,Rafael Fernandes,NE,RN,5682
2410603,Rafael Godeiro,NE,RN,3005
2410702,Riacho da Cruz,NE,RN,2724
2410801,Riacho de Santana,NE,RN,4245
2410900,Riachuelo,NE,RN,7646
2411007,Rodolfo Fernandes,NE,RN,4345
2411056,Tibau,NE,RN,5748
2411106,Ruy Barbosa,NE,RN,3253
2411205,Santa Cruz,NE,RN,39101
2411403,Santana do Matos,NE,RN,12722
2411429,Santana do Seridó,NE,RN,2796
2411502,Santo Antônio,NE,RN,22793
2411601,São Bento do Norte,NE,RN,3442
2411700,São Bento do Trairí,NE,RN,3890
2411809,São Fernando,NE,RN,3606
2411908,São Francisco do Oeste,NE,RN,4319
2412005,São Gonçalo do Amarante,NE,RN,124495
2412104,São João do Sabugi,NE,RN,6136
2412203,São José de Mipibu,NE,RN,50053
2412302,São José do Campestre,NE,RN,11298
2412401,São José do Seridó,NE,RN,4733
2412500,São Miguel,NE,RN,24422
2412559,São Miguel do Gostoso,NE,RN,10636
2412609,São Paulo do Potengi,NE,RN,17371
2412708,São Pedro,NE,RN,5890
2412807,São Rafael,NE,RN,7889
2412906,São Tomé,NE,RN,10161
2413003,São Vicente,NE,RN,6530
2413102,Senador Elói de Souza,NE,RN,6027
2413201,Senador Georgino Avelino,NE,RN,4202
2413300,Serra de São Bento,NE,RN,5866
2413359,Serra do Mel,NE,RN,13819
2413409,Serra Negra do Norte,NE,RN,7800
2413508,Serrinha,NE,RN,6608
2413557,Serrinha dos Pintos,NE,RN,4810
2413607,Severiano Melo,NE,RN,5616
2413706,Sítio Novo,NE,RN,4746
2413805,Taboleiro Grande,NE,RN,2409
2413904,Taipu,NE,RN,11708
2414001,Tangará,NE,RN,13583
2414100,Tenente Ananias,NE,RN,10610
2414159,Tenente Laurentino Cruz,NE,RN,6152
2414209,Tibau do Sul,NE,RN,18080
2414308,Timbaúba dos Batistas,NE,RN,2424
2414407,Touros,NE,RN,34767
2414456,Triunfo Potiguar,NE,RN,3477
2414506,Umarizal,NE,RN,10655
2414605,Upanema,NE,RN,14048
2414704,Várzea,NE,RN,5387
2414753,Venha-Ver,NE,RN,3005
2414803,Vera Cruz,NE,RN,11053
2414902,Viçosa,NE,RN,1900
2500106,Água Branca,NE,PB,9580
2500205,Aguiar,NE,PB,5026
2500304,Alagoa Grande,NE,PB,26655
2500403,Alagoa Nova,NE,PB,21823
2500502,Alagoinha,NE,PB,14140
2500536,Alcantil,NE,PB,5806
2500577,Algodão de Jandaíra,NE,PB,3143
2500601,Alhandra,NE,PB,23065
2500700,São João do Rio do Peixe,NE,PB,18500
2500734,Amparo,NE,PB,2328
2500775,Aparecida,NE,PB,8257
2500809,Araçagi,NE,PB,16991
2500908,Arara,NE,PB,12482
2501005,Araruna,NE,PB,17360
2501104,Areia,NE,PB,23031
2501153,Areia de Baraúnas,NE,PB,2027
2501203,Areial,NE,PB,7434
2501302,Aroeiras,NE,PB,19142
2501351,Assunção,NE,PB,4383
2501401,Baía da Traição,NE,PB,9741
2501500,Bananeiras,NE,PB,24134
2501534,Baraúna,NE,PB,5010
2501575,Barra de Santana,NE,PB,8247
2501609,Barra de Santa Rosa,NE,PB,13024
2501708,Barra de São Miguel,NE,PB,6123
2501807,Bayeux,NE,PB,83862
2501906,Belém,NE,PB,16710
2502003,Belém do Brejo do Cruz,NE,PB,6272
2502052,Bernardino Batista,NE,PB,3677
2502102,Boa Ventura,NE,PB,5246
2502151,Boa Vista,NE,PB,6592
2502201,Bom Jesus,NE,PB,2328
2502300,Bom Sucesso,NE,PB,4720
2502409,Bonito de Santa Fé,NE,PB,10433
2502508,Boqueirão,NE,PB,18216
2502607,Igaracy,NE,PB,5719
2502706,Borborema,NE,PB,4185
2603405,Calumbi,NE,PE,5354
2603454,Camaragibe,NE,PE,156112
2603504,Camocim de São Félix,NE,PE,18018
2603603,Camutanga,NE,PE,7962
2603702,Canhotinho,NE,PE,25103
2603801,Capoeiras,NE,PE,18854
2603900,Carnaíba,NE,PE,19533
2603926,Carnaubeira da Penha,NE,PE,12712
2604007,Carpina,NE,PE,83482
2604106,Caruaru,NE,PE,405408
2604155,Casinhas,NE,PE,13468
2604205,Catende,NE,PE,33086
2604304,Cedro,NE,PE,10843
2604403,Chã de Alegria,NE,PE,13496
2604502,Chã Grande,NE,PE,21258
2604601,Condado,NE,PE,25416
2604700,Correntes,NE,PE,17670
2604809,Cortês,NE,PE,10426
2604908,Cumaru,NE,PE,16215
2605004,Cupira,NE,PE,24343
2605103,Custódia,NE,PE,39609
2605152,Dormentes,NE,PE,17850
2605202,Escada,NE,PE,62174
2605301,Exu,NE,PE,33486
2605400,Feira Nova,NE,PE,22222
2605509,Ferreiros,NE,PE,15955
2605608,Flores,NE,PE,20776
2605707,Floresta,NE,PE,31702
2605806,Frei Miguelinho,NE,PE,14055
2605905,Gameleira,NE,PE,17583
2606002,Garanhuns,NE,PE,151803
2606101,Glória do Goitá,NE,PE,30420
2606200,Goiana,NE,PE,85497
2606309,Granito,NE,PE,7217
2606408,Gravatá,NE,PE,92429
2606507,Iati,NE,PE,17570
2606606,Ibimirim,NE,PE,28825
2606705,Ibirajuba,NE,PE,7334
2606804,Igarassu,NE,PE,123017
2606903,Iguaracy,NE,PE,11347
2607000,Inajá,NE,PE,27758
2607109,Ingazeira,NE,PE,4975
2607208,Ipojuca,NE,PE,106539
2607307,Ipubi,NE,PE,30720
2607406,Itacuruba,NE,PE,4491
2607505,Itaíba,NE,PE,33995
2607604,Ilha de Itamaracá,NE,PE,25658
2607653,Itambé,NE,PE,36652
2607703,Itapetim,NE,PE,14236
2607752,Itapissuma,NE,PE,29669
2607802,Itaquitinga,NE,PE,17142
2607901,Jaboatão dos Guararapes,NE,PE,684293
2607950,Jaqueira,NE,PE,10440
2608008,Jataúba,NE,PE,16328
2608057,Jatobá,NE,PE,14477
2608107,João Alfredo,NE,PE,28842
2608206,Joaquim Nabuco,NE,PE,13416
2608255,Jucati,NE,PE,12023
2608305,Jupi,NE,PE,16022
2608404,Jurema,NE,PE,14002
2608453,Lagoa do Carro,NE,PE,18804
2608503,Lagoa de Itaenga,NE,PE,19863
2608602,Lagoa do Ouro,NE,PE,12367
2608701,Lagoa dos Gatos,NE,PE,14333
2608750,Lagoa Grande,NE,PE,24951
2608800,Lajedo,NE,PE,41960
2608909,Limoeiro,NE,PE,59236
2609006,Macaparana,NE,PE,24642
2609105,Machados,NE,PE,11387
2609154,Manari,NE,PE,27046
2609204,Maraial,NE,PE,9322
2609303,Mirandiba,NE,PE,14605
2609402,Moreno,NE,PE,57654
2609501,Nazaré da Mata,NE,PE,32187
2609600,Olinda,NE,PE,364717
2609709,Orobó,NE,PE,22412
2609808,Orocó,NE,PE,14129
2609907,Ouricuri,NE,PE,68489
2610004,Palmares,NE,PE,56475
2610103,Palmeirina,NE,PE,7104
2610202,Panelas,NE,PE,23337
2610301,Paranatama,NE,PE,12778
2610400,Parnamirim,NE,PE,18960
2610509,Passira,NE,PE,29744
2610608,Paudalho,NE,PE,59924
2610707,Paulista,NE,PE,365144
2610806,Pedra,NE,PE,23671
2610905,Pesqueira,NE,PE,65481
2611002,Petrolândia,NE,PE,36104
2611101,Petrolina,NE,PE,418444
2611200,Poção,NE,PE,10792
2611309,Pombos,NE,PE,26942
2611408,Primavera,NE,PE,14380
2611507,Quipapá,NE,PE,17731
2611533,Quixaba,NE,PE,6753
2611606,Recife,NE,PE,1588376
2611705,Riacho das Almas,NE,PE,21490
2611804,Ribeirão,NE,PE,33843
2611903,Rio Formoso,NE,PE,20388
2612000,Sairé,NE,PE,11213
2612109,Salgadinho,NE,PE,5478
2612208,Salgueiro,NE,PE,65946
2612307,Saloá,NE,PE,14125
2612406,Sanharó,NE,PE,18812
2612455,Santa Cruz,NE,PE,14342
2612471,Santa Cruz da Baixa Verde,NE,PE,11934
2612505,Santa Cruz do Capibaribe,NE,PE,104854
2612554,Santa Filomena,NE,PE,12360
2612604,Santa Maria da Boa Vista,NE,PE,42782
2612703,Santa Maria do Cambucá,NE,PE,14586
2612802,Santa Terezinha,NE,PE,10487
2612901,São Benedito do Sul,NE,PE,13456
2613008,São Bento do Una,NE,PE,51165
2613107,São Caitano,NE,PE,39243
2613206,São João,NE,PE,24895
2613305,São Joaquim do Monte,NE,PE,20438
2613404,São José da Coroa Grande,NE,PE,19511
2613503,São José do Belmonte,NE,PE,36890
2613602,São José do Egito,NE,PE,32508
2613701,São Lourenço da Mata,NE,PE,118258
2613800,São Vicente Ferrer,NE,PE,17177
2613909,Serra Talhada,NE,PE,98816
2614006,Serrita,NE,PE,18764
2614105,Sertânia,NE,PE,34271
2614204,Sirinhaém,NE,PE,39171
2614303,Moreilândia,NE,PE,10839
2614402,Solidão,NE,PE,5386
2614501,Surubim,NE,PE,67821
2614600,Tabira,NE,PE,29180
2614709,Tacaimbó,NE,PE,14330
2614808,Tacaratu,NE,PE,24898
2614857,Tamandaré,NE,PE,24670
2615003,Taquaritinga do Norte,NE,PE,25511
2615102,Terezinha,NE,PE,6853
2615201,Terra Nova,NE,PE,9231
2615300,Timbaúba,NE,PE,47312
2615409,Toritama,NE,PE,43921
2615508,Tracunhaém,NE,PE,14439
2615607,Trindade,NE,PE,32257
2615706,Triunfo,NE,PE,15141
2615805,Tupanatinga,NE,PE,28141
2615904,Tuparetama,NE,PE,8261
2616001,Venturosa,NE,PE,17563
2616100,Verdejante,NE,PE,9483
2616183,Vertente do Lério,NE,PE,7776
2616209,Vertentes,NE,PE,23127
2616308,Vicência,NE,PE,27151
2616407,Vitória de Santo Antão,NE,PE,144243
2616506,Xexéu,NE,PE,11699
2700102,Água Branca,NE,AL,19550
2700201,Anadia,NE,AL,14167
2700300,Arapiraca,NE,AL,243906
2700409,Atalaia,NE,AL,38480
2700508,Barra de Santo Antônio,NE,AL,16756
2700607,Barra de São Miguel,NE,AL,8123
2700706,Batalha,NE,AL,17103
2700805,Belém,NE,AL,4819
2700904,Belo Monte,NE,AL,5895
2701001,Boca da Mata,NE,AL,21479
2701100,Branquinha,NE,AL,9779
2701209,Cacimbinhas,NE,AL,10705
2701308,Cajueiro,NE,AL,16572
2701357,Campestre,NE,AL,6808
2701407,Campo Alegre,NE,AL,32558
2701506,Campo Grande,NE,AL,8285
2701605,Canapi,NE,AL,15730
2701704,Capela,NE,AL,15051
2701803,Carneiros,NE,AL,9206
2701902,Chã Preta,NE,AL,6000
2702009,Coité do Nóia,NE,AL,11036
2702108,Colônia Leopoldina,NE,AL,15915
2702207,Coqueiro Seco,NE,AL,5701
2702306,Coruripe,NE,AL,51784
2702355,Craíbas,NE,AL,26144
2702405,Delmiro Gouveia,NE,AL,52845
2702504,Dois Riachos,NE,AL,9898
2702553,Estrela de Alagoas,NE,AL,15688
2702603,Feira Grande,NE,AL,23204
2702702,Feliz Deserto,NE,AL,4035
2702801,Flexeiras,NE,AL,9745
2702900,Girau do Ponciano,NE,AL,37337
2703007,Ibateguara,NE,AL,13982
2703106,Igaci,NE,AL,24445
2703205,Igreja Nova,NE,AL,22113
2703304,Inhapi,NE,AL,15396
2703403,Jacaré dos Homens,NE,AL,5180
2703502,Jacuípe,NE,AL,5419
2703601,Japaratinga,NE,AL,9457
2703700,Jaramataia,NE,AL,5069
2703759,Jequiá da Praia,NE,AL,9607
2703809,Joaquim Gomes,NE,AL,17342
2703908,Jundiá,NE,AL,4175
2704005,Junqueiro,NE,AL,24382
2704104,Lagoa da Canoa,NE,AL,18836
2704203,Limoeiro de Anadia,NE,AL,25184
2704302,Maceió,NE,AL,994952
2704401,Major Isidoro,NE,AL,17828
2704500,Maragogi,NE,AL,33269
2704609,Maravilha,NE,AL,9709
2704708,Marechal Deodoro,NE,AL,62477
2704807,Maribondo,NE,AL,13970
2704906,Mar Vermelho,NE,AL,3208
2705002,Mata Grande,NE,AL,22126
2705101,Matriz de Camaragibe,NE,AL,24331
2705200,Messias,NE,AL,15706
2705309,Minador do Negrão,NE,AL,4935
2705408,Monteirópolis,NE,AL,7344
2705507,Murici,NE,AL,25926
2705606,Novo Lino,NE,AL,10285
2705705,Olho d'Água das Flores,NE,AL,21135
2705804,Olho d'Água do Casado,NE,AL,8522
2705903,Olho d'Água Grande,NE,AL,4381
2706000,Olivença,NE,AL,11047
2706109,Ouro Branco,NE,AL,11706
2706208,Palestina,NE,AL,4408
2706307,Palmeira dos Índios,NE,AL,73621
2706406,Pão de Açúcar,NE,AL,24291
2706422,Pariconha,NE,AL,10807
2706448,Paripueira,NE,AL,14199
2706505,Passo de Camaragibe,NE,AL,14070
2706604,Paulo Jacinto,NE,AL,6691
2919108,Lamarão,NE,BA,9303
2919157,Lapão,NE,BA,27014
2919207,Lauro de Freitas,NE,BA,219564
2919306,Lençóis,NE,BA,11194
2919405,Licínio de Almeida,NE,BA,12202
2919504,Livramento de Nossa Senhora,NE,BA,46376
2919553,Luís Eduardo Magalhães,NE,BA,118382
2919603,Macajuba,NE,BA,10740
2919702,Macarani,NE,BA,22768
2919801,Macaúbas,NE,BA,43653
2919900,Macururé,NE,BA,7435
2919926,Madre de Deus,NE,BA,19224
2919959,Maetinga,NE,BA,7218
2920007,Maiquinique,NE,BA,9009
2920106,Mairi,NE,BA,18130
2920205,Malhada,NE,BA,15814
2920304,Malhada de Pedras,NE,BA,8982
2920403,Manoel Vitorino,NE,BA,14287
2920452,Mansidão,NE,BA,14542
2920502,Maracás,NE,BA,29330
2920601,Maragogipe,NE,BA,37041
2920700,Maraú,NE,BA,25804
2920809,Marcionílio Souza,NE,BA,9475
2920908,Mascote,NE,BA,13918
2921005,Mata de São João,NE,BA,44962
2921054,Matina,NE,BA,10611
2921104,Medeiros Neto,NE,BA,22801
2921203,Miguel Calmon,NE,BA,25263
2921302,Milagres,NE,BA,11436
2921401,Mirangaba,NE,BA,16167
2921450,Mirante,NE,BA,10526
2921500,Monte Santo,NE,BA,49807
2921609,Morpará,NE,BA,8220
2921708,Morro do Chapéu,NE,BA,35235
2921807,Mortugaba,NE,BA,11477
2921906,Mucugê,NE,BA,12712
2922003,Mucuri,NE,BA,40114
2922052,Mulungu do Morro,NE,BA,13648
2922102,Mundo Novo,NE,BA,17197
2922201,Muniz Ferreira,NE,BA,7453
2922250,Muquém de São Francisco,NE,BA,10803
2922300,Muritiba,NE,BA,30180
2922409,Mutuípe,NE,BA,20590
2922508,Nazaré,NE,BA,28427
2922607,Nilo Peçanha,NE,BA,12399
2922656,Nordestina,NE,BA,19711
2922706,Nova Canaã,NE,BA,13970
2922730,Nova Fátima,NE,BA,8283
2922755,Nova Ibiá,NE,BA,6696
2922805,Nova Itarana,NE,BA,8073
2922854,Nova Redenção,NE,BA,7670
2922904,Nova Soure,NE,BA,24865
2923001,Nova Viçosa,NE,BA,41629
2923035,Novo Horizonte,NE,BA,11586
2923050,Novo Triunfo,NE,BA,11060
2923100,Olindina,NE,BA,22956
2923209,Oliveira dos Brejinhos,NE,BA,21323
2923308,Ouriçangas,NE,BA,7925
2923357,Ourolândia,NE,BA,20141
2923407,Palmas de Monte Alto,NE,BA,20666
2923506,Palmeiras,NE,BA,10894
2923605,Paramirim,NE,BA,21025
2923704,Paratinga,NE,BA,30680
2923803,Paripiranga,NE,BA,27860
2923902,Pau Brasil,NE,BA,9537
2924009,Paulo Afonso,NE,BA,119418
2924058,Pé de Serra,NE,BA,13677
2924108,Pedrão,NE,BA,6403
2924207,Pedro Alexandre,NE,BA,14226
2924306,Piatã,NE,BA,20938
2924405,Pilão Arcado,NE,BA,37388
2924504,Pindaí,NE,BA,15125
2924603,Pindobaçu,NE,BA,19601
2924652,Pintadas,NE,BA,10654
2924678,Piraí do Norte,NE,BA,11481
2924702,Piripá,NE,BA,9143
2924801,Piritiba,NE,BA,17697
2924900,Planaltino,NE,BA,8239
2925006,Planalto,NE,BA,24026
2925105,Poções,NE,BA,50773
2925204,Pojuca,NE,BA,33573
2925253,Ponto Novo,NE,BA,18763
2925303,Porto Seguro,NE,BA,182630
2925402,Potiraguá,NE,BA,10651
2925501,Prado,NE,BA,37533
2925600,Presidente Dutra,NE,BA,15677
2925709,Presidente Jânio Quadros,NE,BA,12963
2925758,Presidente Tancredo Neves,NE,BA,29489
2925808,Queimadas,NE,BA,27429
2925907,Quijingue,NE,BA,26443
2925931,Quixabeira,NE,BA,9839
2925956,Rafael Jambeiro,NE,BA,20081
2926004,Remanso,NE,BA,42855
2926103,Retirolândia,NE,BA,14174
2926202,Riachão das Neves,NE,BA,22329
2926301,Riachão do Jacuípe,NE,BA,35188
2926400,Riacho de Santana,NE,BA,32060
2926509,Ribeira do Amparo,NE,BA,14528
2926608,Ribeira do Pombal,NE,BA,56316
2926657,Ribeirão do Largo,NE,BA,10029
2926707,Rio de Contas,NE,BA,13634
2926806,Rio do Antônio,NE,BA,13495
2926905,Rio do Pires,NE,BA,10781
2927002,Rio Real,NE,BA,36966
2927101,Rodelas,NE,BA,10884
2927200,Ruy Barbosa,NE,BA,29590
2927309,Salinas da Margarida,NE,BA,15629
2706703,Penedo,NE,AL,60185
2706802,Piaçabuçu,NE,AL,16192
2706901,Pilar,NE,AL,36525
2707008,Pindoba,NE,AL,2786
2707107,Piranhas,NE,AL,23053
2707206,Poço das Trincheiras,NE,AL,12965
2707305,Porto Calvo,NE,AL,24509
2707404,Porto de Pedras,NE,AL,9517
2707503,Porto Real do Colégio,NE,AL,20273
2707602,Quebrangulo,NE,AL,11303
2707701,Rio Largo,NE,AL,97658
2707800,Roteiro,NE,AL,6606
2707909,Santa Luzia do Norte,NE,AL,7066
2708006,Santana do Ipanema,NE,AL,47418
2708105,Santana do Mundaú,NE,AL,11572
2708204,São Brás,NE,AL,6557
2708303,São José da Laje,NE,AL,21180
2708402,São José da Tapera,NE,AL,31569
2708501,São Luís do Quitunde,NE,AL,31785
2708600,São Miguel dos Campos,NE,AL,53380
2708709,São Miguel dos Milagres,NE,AL,8700
2708808,São Sebastião,NE,AL,32707
2708907,Satuba,NE,AL,25105
2708956,Senador Rui Palmeira,NE,AL,12545
2709004,Tanque d'Arca,NE,AL,5906
2709103,Taquarana,NE,AL,19428
2709152,Teotônio Vilela,NE,AL,39143
2709202,Traipu,NE,AL,24106
2709301,União dos Palmares,NE,AL,60860
2709400,Viçosa,NE,AL,24414
2800100,Amparo de São Francisco,NE,SE,2202
2800209,Aquidabã,NE,SE,20556
2800308,Aracaju,NE,SE,630932
2800407,Arauá,NE,SE,10464
2800506,Areia Branca,NE,SE,18626
2800605,Barra dos Coqueiros,NE,SE,45175
2800670,Boquim,NE,SE,25007
4210803,Meleiro,SU,SC,7128
4210852,Mirim Doce,SU,SC,2554
4210902,Modelo,SU,SC,4159
4211009,Mondaí,SU,SC,10206
4211058,Monte Carlo,SU,SC,9218
4211108,Monte Castelo,SU,SC,7747
4211207,Morro da Fumaça,SU,SC,19490
4211256,Morro Grande,SU,SC,3097
4211306,Navegantes,SU,SC,96046
4211405,Nova Erechim,SU,SC,5490
4211454,Nova Itaberaba,SU,SC,4672
4211504,Nova Trento,SU,SC,14395
4211603,Nova Veneza,SU,SC,14004
4211652,Novo Horizonte,SU,SC,2661
4211702,Orleans,SU,SC,24686
4211751,Otacílio Costa,SU,SC,17873
4211801,Ouro,SU,SC,7062
4211850,Ouro Verde,SU,SC,2195
4211876,Paial,SU,SC,2007
4211892,Painel,SU,SC,2216
4211900,Palhoça,SU,SC,253469
4212007,Palma Sola,SU,SC,7696
4212056,Palmeira,SU,SC,2658
4212106,Palmitos,SU,SC,15781
4212205,Papanduva,SU,SC,19769
4212239,Paraíso,SU,SC,4394
4212254,Passo de Torres,SU,SC,14859
4212270,Passos Maia,SU,SC,3997
4212304,Paulo Lopes,SU,SC,9879
4212403,Pedras Grandes,SU,SC,4355
4212502,Penha,SU,SC,36995
4212601,Peritiba,SU,SC,3040
4212700,Petrolândia,SU,SC,6996
4212809,Balneário Piçarras,SU,SC,30593
4212908,Pinhalzinho,SU,SC,23897
4213005,Pinheiro Preto,SU,SC,3631
4213104,Piratuba,SU,SC,6144
4213153,Planalto Alegre,SU,SC,3081
4213203,Pomerode,SU,SC,37003
4213302,Ponte Alta,SU,SC,4390
4213351,Ponte Alta do Norte,SU,SC,3241
4213401,Ponte Serrada,SU,SC,10732
4213500,Porto Belo,SU,SC,31557
4213609,Porto União,SU,SC,33694
4213708,Pouso Redondo,SU,SC,18051
4213807,Praia Grande,SU,SC,8696
4213906,Presidente Castello Branco,SU,SC,1707
4214003,Presidente Getúlio,SU,SC,21764
4214102,Presidente Nereu,SU,SC,2347
4214151,Princesa,SU,SC,3073
4214201,Quilombo,SU,SC,11433
4214300,Rancho Queimado,SU,SC,3484
4214409,Rio das Antas,SU,SC,6399
4214508,Rio do Campo,SU,SC,6638
4214607,Rio do Oeste,SU,SC,8071
4214706,Rio dos Cedros,SU,SC,11218
4214805,Rio do Sul,SU,SC,77451
4214904,Rio Fortuna,SU,SC,5044
4215000,Rio Negrinho,SU,SC,40132
4215059,Rio Rufino,SU,SC,2429
4215075,Riqueza,SU,SC,4828
4215109,Rodeio,SU,SC,13491
4215208,Romelândia,SU,SC,4684
4215307,Salete,SU,SC,7656
4215356,Saltinho,SU,SC,3604
4215406,Salto Veloso,SU,SC,4495
4215455,Sangão,SU,SC,13797
4215505,Santa Cecília,SU,SC,15749
4215554,Santa Helena,SU,SC,2476
4215604,Santa Rosa de Lima,SU,SC,2131
4215653,Santa Rosa do Sul,SU,SC,10450
4215679,Santa Terezinha,SU,SC,8015
4215687,Santa Terezinha do Progresso,SU,SC,2534
4215695,Santiago do Sul,SU,SC,1732
4215703,Santo Amaro da Imperatriz,SU,SC,30099
4215752,São Bernardino,SU,SC,2715
4215802,São Bento do Sul,SU,SC,87661
4215901,São Bonifácio,SU,SC,2982
4216008,São Carlos,SU,SC,10462
4216057,São Cristovão do Sul,SU,SC,6489
4216107,São Domingos,SU,SC,9343
4216206,São Francisco do Sul,SU,SC,56726
4308102,Feliz,SU,RS,13994
4308201,Flores da Cunha,SU,RS,32015
4308250,Floriano Peixoto,SU,RS,1690
4308300,Fontoura Xavier,SU,RS,9710
4308409,Formigueiro,SU,RS,6527
4308433,Forquetinha,SU,RS,2441
4308458,Fortaleza dos Valos,SU,RS,4569
4308508,Frederico Westphalen,SU,RS,33726
4308607,Garibaldi,SU,RS,35563
4308656,Garruchos,SU,RS,2724
4308706,Gaurama,SU,RS,5779
4308805,General Câmara,SU,RS,7743
4308854,Gentil,SU,RS,1784
4308904,Getúlio Vargas,SU,RS,16955
4309001,Giruá,SU,RS,16273
4309050,Glorinha,SU,RS,7851
4309100,Gramado,SU,RS,41705
4309126,Gramado dos Loureiros,SU,RS,2047
4309159,Gramado Xavier,SU,RS,3350
4309209,Gravataí,SU,RS,275430
4309258,Guabiju,SU,RS,1441
4309308,Guaíba,SU,RS,95946
4309407,Guaporé,SU,RS,26168
4309506,Guarani das Missões,SU,RS,7547
4309555,Harmonia,SU,RS,5535
4309571,Herveiras,SU,RS,2604
4309605,Horizontina,SU,RS,19252
4309654,Hulha Negra,SU,RS,6102
4309704,Humaitá,SU,RS,4772
4309753,Ibarama,SU,RS,3787
4309803,Ibiaçá,SU,RS,4617
4309902,Ibiraiaras,SU,RS,6827
4309951,Ibirapuitã,SU,RS,3789
4310009,Ibirubá,SU,RS,22106
4310108,Igrejinha,SU,RS,34776
4310207,Ijuí,SU,RS,87848
4310306,Ilópolis,SU,RS,4245
4310330,Imbé,SU,RS,28027
4310363,Imigrante,SU,RS,3149
4310405,Independência,SU,RS,6557
4310413,Inhacorá,SU,RS,2047
4310439,Ipê,SU,RS,5490
4310462,Ipiranga do Sul,SU,RS,1748
4310504,Iraí,SU,RS,7619
4310538,Itaara,SU,RS,5712
4310553,Itacurubi,SU,RS,3038
4310579,Itapuca,SU,RS,1963
4310603,Itaqui,SU,RS,36811
4310652,Itati,SU,RS,2696
4310702,Itatiba do Sul,SU,RS,3240
4310751,Ivorá,SU,RS,1962
4310801,Ivoti,SU,RS,23566
4310850,Jaboticaba,SU,RS,3847
4310876,Jacuizinho,SU,RS,2066
4310900,Jacutinga,SU,RS,3398
4311007,Jaguarão,SU,RS,27396
4311106,Jaguari,SU,RS,10771
4311122,Jaquirana,SU,RS,3751
4311130,Jari,SU,RS,3412
4311155,Jóia,SU,RS,7294
4311205,Júlio de Castilhos,SU,RS,18545
4311239,Lagoa Bonita do Sul,SU,RS,2283
4311254,Lagoão,SU,RS,5421
4311270,Lagoa dos Três Cantos,SU,RS,1781
4311304,Lagoa Vermelha,SU,RS,28622
4311403,Lajeado,SU,RS,96879
4311429,Lajeado do Bugre,SU,RS,2661
4311502,Lavras do Sul,SU,RS,7290
4311601,Liberato Salzano,SU,RS,4845
4311627,Lindolfo Collor,SU,RS,6420
4311643,Linha Nova,SU,RS,1721
4311700,Machadinho,SU,RS,5867
4311718,Maçambará,SU,RS,4485
4311734,Mampituba,SU,RS,3203
4311759,Manoel Viana,SU,RS,6915
4311775,Maquiné,SU,RS,7593
4311791,Maratá,SU,RS,2521
4311809,Marau,SU,RS,46748
4311908,Marcelino Ramos,SU,RS,4382
4311981,Mariana Pimentel,SU,RS,4005
4312005,Mariano Moro,SU,RS,1884
4312054,Marques de Souza,SU,RS,4050
4312104,Mata,SU,RS,4782
4312138,Mato Castelhano,SU,RS,2611
4312153,Mato Leitão,SU,RS,5001
4312179,Mato Queimado,SU,RS,1833
4312203,Maximiliano de Almeida,SU,RS,4251
4312252,Minas do Leão,SU,RS,7661
4312302,Miraguaí,SU,RS,4501
4312351,Montauri,SU,RS,1530
4312377,Monte Alegre dos Campos,SU,RS,3251
4312385,Monte Belo do Sul,SU,RS,2608
4312401,Montenegro,SU,RS,66352
4312427,Mormaço,SU,RS,2815
4312443,Morrinhos do Sul,SU,RS,3133
4312450,Morro Redondo,SU,RS,6168
4312476,Morro Reuter,SU,RS,6167
4312500,Mostardas,SU,RS,12347
4312609,Muçum,SU,RS,4692
4312617,Muitos Capões,SU,RS,2937
4312625,Muliterno,SU,RS,1754
4312658,Não-Me-Toque,SU,RS,18335
4312674,Nicolau Vergueiro,SU,RS,1982
4312708,Nonoai,SU,RS,14074
4312757,Nova Alvorada,SU,RS,3229
4312807,Nova Araçá,SU,RS,5098
4312906,Nova Bassano,SU,RS,9867
4312955,Nova Boa Vista,SU,RS,2089
4313003,Nova Bréscia,SU,RS,3104
4313011,Nova Candelária,SU,RS,3138
4313037,Nova Esperança do Sul,SU,RS,4976
4313060,Nova Hartz,SU,RS,20558
4313086,Nova Pádua,SU,RS,2389
4313102,Nova Palma,SU,RS,5676
4313201,Nova Petrópolis,SU,RS,23934
4216503,São Joaquim,SU,SC,26982
4216602,São José,SU,SC,295658
4216701,São José do Cedro,SU,SC,14538
4216800,São José do Cerrito,SU,SC,8706
4216909,São Lourenço do Oeste,SU,SC,26056
4217006,São Ludgero,SU,SC,14444
4217105,São Martinho,SU,SC,3520
4217154,São Miguel da Boa Vista,SU,SC,1777
4217204,São Miguel do Oeste,SU,SC,47724
4217253,São Pedro de Alcântara,SU,SC,6175
4217303,Saudades,SU,SC,10799
4217402,Schroeder,SU,SC,21710
4217501,Seara,SU,SC,19399
4217550,Serra Alta,SU,SC,3370
4217600,Siderópolis,SU,SC,14156
4217709,Sombrio,SU,SC,31722
4217758,Sul Brasil,SU,SC,2900
4217808,Taió,SU,SC,18909
4217907,Tangará,SU,SC,8144
4217956,Tigrinhos,SU,SC,2535
4218004,Tijucas,SU,SC,58695
4218103,Timbé do Sul,SU,SC,5503
4218202,Timbó,SU,SC,49768
4218251,Timbó Grande,SU,SC,7521
4218301,Três Barras,SU,SC,20525
4218350,Treviso,SU,SC,3920
4218400,Treze de Maio,SU,SC,7633
4218509,Treze Tílias,SU,SC,9531
4218608,Trombudo Central,SU,SC,7599
4218707,Tubarão,SU,SC,116725
4218756,Tunápolis,SU,SC,5081
4218806,Turvo,SU,SC,13604
4218855,União do Oeste,SU,SC,2791
4218905,Urubici,SU,SC,11064
4218954,Urupema,SU,SC,2751
4219002,Urussanga,SU,SC,21464
4219101,Vargeão,SU,SC,3726
4219150,Vargem,SU,SC,2613
4219176,Vargem Bonita,SU,SC,4597
4219200,Vidal Ramos,SU,SC,6266
4219309,Videira,SU,SC,59074
4219358,Vitor Meireles,SU,SC,5507
4219408,Witmarsum,SU,SC,4513
4219507,Xanxerê,SU,SC,54891
4219606,Xavantina,SU,SC,3583
4219705,Xaxim,SU,SC,34485
4219853,Zortéa,SU,SC,4257
4300034,Aceguá,SU,RS,4251
4300059,Água Santa,SU,RS,4003
4300109,Agudo,SU,RS,16341
4300208,Ajuricaba,SU,RS,6843
4300307,Alecrim,SU,RS,6219
4300406,Alegrete,SU,RS,74285
4300455,Alegria,SU,RS,3705
4300471,Almirante Tamandaré do Sul,SU,RS,2007
4300505,Alpestre,SU,RS,7235
4300554,Alto Alegre,SU,RS,1837
4300570,Alto Feliz,SU,RS,3145
4300604,Alvorada,SU,RS,194062
4300638,Amaral Ferrador,SU,RS,5384
4300646,Ametista do Sul,SU,RS,7826
4300661,André da Rocha,SU,RS,1156
4300703,Anta Gorda,SU,RS,6080
4300802,Antônio Prado,SU,RS,13332
4300851,Arambaré,SU,RS,4215
4300877,Araricá,SU,RS,8831
4300901,Aratiba,SU,RS,6618
4301008,Arroio do Meio,SU,RS,22523
4301057,Arroio do Sal,SU,RS,11418
4301073,Arroio do Padre,SU,RS,2650
4301107,Arroio dos Ratos,SU,RS,14934
4301206,Arroio do Tigre,SU,RS,12291
4301305,Arroio Grande,SU,RS,17879
4301404,Arvorezinha,SU,RS,10547
4301503,Augusto Pestana,SU,RS,7303
4301552,Áurea,SU,RS,3458
4301602,Bagé,SU,RS,121928
4301636,Balneário Pinhal,SU,RS,15413
4301651,Barão,SU,RS,6496
4301701,Barão de Cotegipe,SU,RS,7320
4301750,Barão do Triunfo,SU,RS,5972
4301800,Barracão,SU,RS,4915
4301859,Barra do Guarita,SU,RS,3231
4301875,Barra do Quaraí,SU,RS,4340
4301909,Barra do Ribeiro,SU,RS,12473
4301925,Barra do Rio Azul,SU,RS,1721
4301958,Barra Funda,SU,RS,2557
4302006,Barros Cassal,SU,RS,9425
4302055,Benjamin Constant do Sul,SU,RS,2118
4302105,Bento Gonçalves,SU,RS,127977
4302154,Boa Vista das Missões,SU,RS,1968
4302204,Boa Vista do Buricá,SU,RS,7129
4302220,Boa Vista do Cadeado,SU,RS,2269
4302238,Boa Vista do Incra,SU,RS,2314
4302253,Boa Vista do Sul,SU,RS,2815
4302303,Bom Jesus,SU,RS,11429
4302352,Bom Princípio,SU,RS,13665
4302378,Bom Progresso,SU,RS,2132
4302402,Bom Retiro do Sul,SU,RS,12587
4302451,Boqueirão do Leão,SU,RS,6202
4302501,Bossoroca,SU,RS,5978
4302584,Bozano,SU,RS,2195
4302600,Braga,SU,RS,3322
4302659,Brochier,SU,RS,5083
3547007,Santa Maria da Serra,SE,SP,5308
3547106,Santa Mercedes,SE,SP,3017
3547205,Santana da Ponte Pensa,SE,SP,1699
3547304,Santana de Parnaíba,SE,SP,163787
3547403,Santa Rita d'Oeste,SE,SP,2796
3547502,Santa Rita do Passa Quatro,SE,SP,24996
3547601,Santa Rosa de Viterbo,SE,SP,23710
3547650,Santa Salete,SE,SP,1692
3547700,Santo Anastácio,SE,SP,17960
3547809,Santo André,SE,SP,782048
3547908,Santo Antônio da Alegria,SE,SP,6933
3548005,Santo Antônio de Posse,SE,SP,23867
3548054,Santo Antônio do Aracanguá,SE,SP,8593
3548104,Santo Antônio do Jardim,SE,SP,6243
3548203,Santo Antônio do Pinhal,SE,SP,7314
3548302,Santo Expedito,SE,SP,3069
3548401,Santópolis do Aguapeí,SE,SP,3921
3548500,Santos,SE,SP,429547
3548609,São Bento do Sapucaí,SE,SP,11989
3548708,São Bernardo do Campo,SE,SP,841154
3548807,São Caetano do Sul,SE,SP,172693
3548906,São Carlos,SE,SP,266427
3549003,São Francisco,SE,SP,2623
3549102,São João da Boa Vista,SE,SP,96080
3549201,São João das Duas Pontes,SE,SP,2623
3549250,São João de Iracema,SE,SP,1882
3549300,São João do Pau d'Alho,SE,SP,2293
3549409,São Joaquim da Barra,SE,SP,49885
3549508,São José da Bela Vista,SE,SP,7664
3549607,São José do Barreiro,SE,SP,3888
3549706,São José do Rio Pardo,SE,SP,53427
3549805,São José do Rio Preto,SE,SP,504166
3549904,São José dos Campos,SE,SP,727078
3549953,São Lourenço da Serra,SE,SP,16479
3550001,São Luís do Paraitinga,SE,SP,10487
3550100,São Manuel,SE,SP,38131
3550209,São Miguel Arcanjo,SE,SP,32924
3550308,São Paulo,SE,SP,11904961
3550407,São Pedro,SE,SP,39855
3550506,São Pedro do Turvo,SE,SP,7333
3550605,São Roque,SE,SP,81366
3550704,São Sebastião,SE,SP,84280
3550803,São Sebastião da Grama,SE,SP,10428
3550902,São Simão,SE,SP,13560
3551009,São Vicente,SE,SP,338326
3551108,Sarapuí,SE,SP,10677
3551207,Sarutaiá,SE,SP,3772
3551306,Sebastianópolis do Sul,SE,SP,3191
3551405,Serra Azul,SE,SP,13108
3551504,Serrana,SE,SP,45580
3551603,Serra Negra,SE,SP,31047
3551702,Sertãozinho,SE,SP,132176
3551801,Sete Barras,SE,SP,12903
3551900,Severínia,SE,SP,14693
3552007,Silveiras,SE,SP,6329
3552106,Socorro,SE,SP,41527
3552205,Sorocaba,SE,SP,762172
3552304,Sud Mennucci,SE,SP,7464
3552403,Sumaré,SE,SP,291116
3552502,Suzano,SE,SP,320261
3552551,Suzanápolis,SE,SP,3465
3552601,Tabapuã,SE,SP,11498
3552700,Tabatinga,SE,SP,14997
3552809,Taboão da Serra,SE,SP,285307
3552908,Taciba,SE,SP,6418
3553005,Taguaí,SE,SP,13068
3553104,Taiaçu,SE,SP,5744
3553203,Taiúva,SE,SP,6770
3553302,Tambaú,SE,SP,21650
3553401,Tanabi,SE,SP,26071
3553500,Tapiraí,SE,SP,8122
3553609,Tapiratiba,SE,SP,11903
3553658,Taquaral,SE,SP,2649
3553708,Taquaritinga,SE,SP,53264
3553807,Taquarituba,SE,SP,24932
3553856,Taquarivaí,SE,SP,7170
3553906,Tarabai,SE,SP,6633
3553955,Tarumã,SE,SP,15315
3554003,Tatuí,SE,SP,129130
3554102,Taubaté,SE,SP,322397
3554201,Tejupá,SE,SP,4119
3554300,Teodoro Sampaio,SE,SP,22598
3554409,Terra Roxa,SE,SP,7965
3554508,Tietê,SE,SP,38723
3554607,Timburi,SE,SP,2484
3554656,Torre de Pedra,SE,SP,2056
3554706,Torrinha,SE,SP,9484
3554755,Trabiju,SE,SP,1724
3554805,Tremembé,SE,SP,53426
3554904,Três Fronteiras,SE,SP,7060
3554953,Tuiuti,SE,SP,6976
3555000,Tupã,SE,SP,65433
3555109,Tupi Paulista,SE,SP,16259
3555208,Turiúba,SE,SP,1835
3555307,Turmalina,SE,SP,1662
3555356,Ubarana,SE,SP,5458
3555406,Ubatuba,SE,SP,97096
3555505,Ubirajara,SE,SP,5289
3555604,Uchoa,SE,SP,10670
3555703,União Paulista,SE,SP,1628
3555802,Urânia,SE,SP,8973
3555901,Uru,SE,SP,1424
3556008,Urupês,SE,SP,14073
3556107,Valentim Gentil,SE,SP,14634
3556206,Valinhos,SE,SP,132258
3556305,Valparaíso,SE,SP,24779
3556354,Vargem,SE,SP,10863
3556404,Vargem Grande do Sul,SE,SP,41256
3556453,Vargem Grande Paulista,SE,SP,52352
3556503,Várzea Paulista,SE,SP,119655
3556602,Vera Cruz,SE,SP,10274
3556701,Vinhedo,SE,SP,79089
3556800,Viradouro,SE,SP,17685
3556909,Vista Alegre do Alto,SE,SP,8368
3556958,Vitória Brasil,SE,SP,1828
3557006,Votorantim,SE,SP,133510
3557105,Votuporanga,SE,SP,100568
3557154,Zacarias,SE,SP,2773
3557204,Chavantes,SE,SP,12415
3557303,Estiva Gerbi,SE,SP,11609
4100103,Abatiá,SU,PR,7233
4100202,Adrianópolis,SU,PR,6319
4100301,Agudos do Sul,SU,PR,10770
4100400,Almirante Tamandaré,SU,PR,125861
4100459,Altamira do Paraná,SU,PR,3496
4100509,Altônia,SU,PR,18634
4100608,Alto Paraná,SU,PR,14183
4100707,Alto Piquiri,SU,PR,9771
4100806,Alvorada do Sul,SU,PR,10481
4100905,Amaporã,SU,PR,4688
4101002,Ampére,SU,PR,20337
4101051,Anahy,SU,PR,2971
4101101,Andirá,SU,PR,19989
4101150,Ângulo,SU,PR,3357
4101200,Antonina,SU,PR,18140
4101309,Antônio Olinto,SU,PR,7048
4101408,Apucarana,SU,PR,134910
4101507,Arapongas,SU,PR,124838
4101606,Arapoti,SU,PR,26325
4101655,Arapuã,SU,PR,3573
4101705,Araruna,SU,PR,14894
4101804,Araucária,SU,PR,162247
4101853,Ariranha do Ivaí,SU,PR,2351
4101903,Assaí,SU,PR,13477
4102000,Assis Chateaubriand,SU,PR,38357
4102109,Astorga,SU,PR,26203
4102208,Atalaia,SU,PR,4046
4102307,Balsa Nova,SU,PR,13867
4102406,Bandeirantes,SU,PR,31747
4102505,Barbosa Ferraz,SU,PR,10580
4102604,Barracão,SU,PR,9903
4102703,Barra do Jacaré,SU,PR,2872
4102752,Bela Vista da Caroba,SU,PR,4122
4102802,Bela Vista do Paraíso,SU,PR,14982
4102901,Bituruna,SU,PR,15650
4103008,Boa Esperança,SU,PR,4595
4103024,Boa Esperança do Iguaçu,SU,PR,2421
4103040,Boa Ventura de São Roque,SU,PR,6241
4103057,Boa Vista da Aparecida,SU,PR,8023
4103107,Bocaiúva do Sul,SU,PR,13405
4103156,Bom Jesus do Sul,SU,PR,4072
4103206,Bom Sucesso,SU,PR,6674
4103222,Bom Sucesso do Sul,SU,PR,3244
4103305,Borrazópolis,SU,PR,7818
4103354,Braganey,SU,PR,4745
4103370,Brasilândia do Sul,SU,PR,3861
4103404,Cafeara,SU,PR,2648
4103453,Cafelândia,SU,PR,20145
4103479,Cafezal do Sul,SU,PR,4580
4103503,Califórnia,SU,PR,8963
4103602,Cambará,SU,PR,23393
4103701,Cambé,SU,PR,110923
4103800,Cambira,SU,PR,10045
4103909,Campina da Lagoa,SU,PR,16014
4103958,Campina do Simão,SU,PR,3954
4104006,Campina Grande do Sul,SU,PR,50600
4104055,Campo Bonito,SU,PR,3997
4104105,Campo do Tenente,SU,PR,7693
4104204,Campo Largo,SU,PR,144504
4104253,Campo Magro,SU,PR,31888
4104303,Campo Mourão,SU,PR,104122
4104402,Cândido de Abreu,SU,PR,15081
4104428,Candói,SU,PR,15174
4104451,Cantagalo,SU,PR,10672
4104501,Capanema,SU,PR,21088
4104600,Capitão Leônidas Marques,SU,PR,14776
4104659,Carambeí,SU,PR,24469
4104709,Carlópolis,SU,PR,17788
4104808,Cascavel,SU,PR,368195
4104907,Castro,SU,PR,75644
4105003,Catanduvas,SU,PR,10621
4105102,Centenário do Sul,SU,PR,10903
4105201,Cerro Azul,SU,PR,16287
4105300,Céu Azul,SU,PR,11255
4105409,Chopinzinho,SU,PR,21604
4105508,Cianorte,SU,PR,82988
4105607,Cidade Gaúcha,SU,PR,11705
4105706,Clevelândia,SU,PR,14833
4105805,Colombo,SU,PR,241672
4105904,Colorado,SU,PR,23313
4106001,Congonhinhas,SU,PR,8445
4106100,Conselheiro Mairinck,SU,PR,3474
4106209,Contenda,SU,PR,20006
4106308,Corbélia,SU,PR,17933
4106407,Cornélio Procópio,SU,PR,45720
4106456,Coronel Domingos Soares,SU,PR,5427
4106506,Coronel Vivida,SU,PR,24010
4106555,Corumbataí do Sul,SU,PR,3770
4106571,Cruzeiro do Iguaçu,SU,PR,4129
4106605,Cruzeiro do Oeste,SU,PR,24859
4106704,Cruzeiro do Sul,SU,PR,4543
4106803,Cruz Machado,SU,PR,15759
4106852,Cruzmaltina,SU,PR,2870
4106902,Curitiba,SU,PR,1830795
4107009,Curiúva,SU,PR,13784
4107108,Diamante do Norte,SU,PR,5139
4107124,Diamante do Sul,SU,PR,3147
4107157,Diamante D'Oeste,SU,PR,4513
4107207,Dois Vizinhos,SU,PR,47589
4107256,Douradina,SU,PR,9631
4107306,Doutor Camargo,SU,PR,6517
4107405,Enéas Marques,SU,PR,6146
4107504,Engenheiro Beltrão,SU,PR,12347
4107520,Esperança Nova,SU,PR,1852
4107538,Entre Rios do Oeste,SU,PR,4770
4107546,Espigão Alto do Iguaçu,SU,PR,4880
4107553,Farol,SU,PR,2994
4107603,Faxinal,SU,PR,16596
4107652,Fazenda Rio Grande,SU,PR,165943
4107702,Fênix,SU,PR,4488
4107736,Fernandes Pinheiro,SU,PR,6400
4107751,Figueira,SU,PR,8129
4107801,Floraí,SU,PR,4805
4107850,Flor da Serra do Sul,SU,PR,4342
4107900,Floresta,SU,PR,11522
4108007,Florestópolis,SU,PR,11653
4108106,Flórida,SU,PR,2711
4108205,Formosa do Oeste,SU,PR,7763
4108304,Foz do Iguaçu,SU,PR,297352
4108320,Francisco Alves,SU,PR,8573
4108403,Francisco Beltrão,SU,PR,102312
4108452,Foz do Jordão,SU,PR,4893
4108502,General Carneiro,SU,PR,10691
4108551,Godoy Moreira,SU,PR,2911
4108601,Goioerê,SU,PR,28931
4108650,Goioxim,SU,PR,6469
4108700,Grandes Rios,SU,PR,5527
4108809,Guaíra,SU,PR,33058
4108908,Guairaçá,SU,PR,6762
4108957,Guamiranga,SU,PR,7916
4109005,Guapirama,SU,PR,4857
4109104,Guaporema,SU,PR,2210
4109203,Guaraci,SU,PR,4743
4109302,Guaraniaçu,SU,PR,13770
4109401,Guarapuava,SU,PR,189630
4109500,Guaraqueçaba,SU,PR,7446
4109609,Guaratuba,SU,PR,44913
4109658,Honório Serpa,SU,PR,4803
4109708,Ibaiti,SU,PR,29464
4109757,Ibema,SU,PR,6343
4109807,Ibiporã,SU,PR,53276
4109906,Icaraíma,SU,PR,9149
4110003,Iguaraçu,SU,PR,5693
4110052,Iguatu,SU,PR,2156
4110078,Imbaú,SU,PR,15068
4110102,Imbituva,SU,PR,30849
4110201,Inácio Martins,SU,PR,9555
4110300,Inajá,SU,PR,2481
4110409,Indianópolis,SU,PR,4544
4110508,Ipiranga,SU,PR,14317
4110607,Iporã,SU,PR,16102
4110656,Iracema do Oeste,SU,PR,2328
4110706,Irati,SU,PR,61004
4110805,Iretama,SU,PR,10832
4110904,Itaguajé,SU,PR,4530
4110953,Itaipulândia,SU,PR,12116
4111001,Itambaracá,SU,PR,5819
4111100,Itambé,SU,PR,6228
4111209,Itapejara d'Oeste,SU,PR,12869
4111258,Itaperuçu,SU,PR,33310
4111308,Itaúna do Sul,SU,PR,3607
4111407,Ivaí,SU,PR,13476
4111506,Ivaiporã,SU,PR,33566
4111555,Ivaté,SU,PR,6788
4111605,Ivatuba,SU,PR,2685
4111704,Jaboti,SU,PR,5655
4111803,Jacarezinho,SU,PR,41493
4111902,Jaguapitã,SU,PR,15908
4112009,Jaguariaíva,SU,PR,36384
4112108,Jandaia do Sul,SU,PR,21930
4112207,Janiópolis,SU,PR,5807
4112306,Japira,SU,PR,5054
4112405,Japurá,SU,PR,9393
4112504,Jardim Alegre,SU,PR,12138
4112603,Jardim Olinda,SU,PR,1349
4112702,Jataizinho,SU,PR,11996
4112751,Jesuítas,SU,PR,10954
4112801,Joaquim Távora,SU,PR,12341
4112900,Jundiaí do Sul,SU,PR,3372
4112959,Juranda,SU,PR,7899
4113007,Jussara,SU,PR,6786
4113106,Kaloré,SU,PR,4666
4113205,Lapa,SU,PR,45878
4113254,Laranjal,SU,PR,5525
4113304,Laranjeiras do Sul,SU,PR,33179
4113403,Leópolis,SU,PR,3725
4113429,Lidianópolis,SU,PR,3987
4113452,Lindoeste,SU,PR,5217
4113502,Loanda,SU,PR,23966
4113601,Lobato,SU,PR,4707
4113700,Londrina,SU,PR,581382
4113734,Luiziana,SU,PR,6659
4113759,Lunardelli,SU,PR,4864
4113809,Lupionópolis,SU,PR,4929
4113908,Mallet,SU,PR,13681
4114005,Mamborê,SU,PR,13551
4114104,Mandaguaçu,SU,PR,34521
4114203,Mandaguari,SU,PR,38313
4114302,Mandirituba,SU,PR,29104
4114351,Manfrinópolis,SU,PR,2790
4114401,Mangueirinha,SU,PR,16737
4114500,Manoel Ribas,SU,PR,14675
4114609,Marechal Cândido Rondon,SU,PR,58734
4114708,Maria Helena,SU,PR,5926
4114807,Marialva,SU,PR,44749
4114906,Marilândia do Sul,SU,PR,8761
4115002,Marilena,SU,PR,7450
4115101,Mariluz,SU,PR,9910
4115200,Maringá,SU,PR,429660
4115309,Mariópolis,SU,PR,6506
4115358,Maripá,SU,PR,6824
4115408,Marmeleiro,SU,PR,16605
4115457,Marquinho,SU,PR,4491
4115507,Marumbi,SU,PR,4780
4115606,Matelândia,SU,PR,19223
4115705,Matinhos,SU,PR,42063
4115739,Mato Rico,SU,PR,3249
4115754,Mauá da Serra,SU,PR,9689
4115804,Medianeira,SU,PR,57910
4115853,Mercedes,SU,PR,6194
4115903,Mirador,SU,PR,2248
4116000,Miraselva,SU,PR,2017
4116059,Missal,SU,PR,11423
4116109,Moreira Sales,SU,PR,11043
4116208,Morretes,SU,PR,19089
4116307,Munhoz de Melo,SU,PR,4057
4116406,Nossa Senhora das Graças,SU,PR,3669
4116505,Nova Aliança do Ivaí,SU,PR,1322
4116604,Nova América da Colina,SU,PR,3286
4116703,Nova Aurora,SU,PR,14331
4116802,Nova Cantu,SU,PR,6739
4116901,Nova Esperança,SU,PR,27142
4116950,Nova Esperança do Sudoeste,SU,PR,5783
4117008,Nova Fátima,SU,PR,7140
4117057,Nova Laranjeiras,SU,PR,12298
4117107,Nova Londrina,SU,PR,13074
4117206,Nova Olímpia,SU,PR,5982
4117214,Nova Santa Bárbara,SU,PR,4308
4117222,Nova Santa Rosa,SU,PR,8581
4117255,Nova Prata do Iguaçu,SU,PR,13340
4117271,Nova Tebas,SU,PR,6852
4117297,Novo Itacolomi,SU,PR,3227
4117305,Ortigueira,SU,PR,24706
4117404,Ourizona,SU,PR,3193
4117453,Ouro Verde do Oeste,SU,PR,7102
4117503,Paiçandu,SU,PR,48695
4117602,Palmas,SU,PR,50238
4117701,Palmeira,SU,PR,34948
4117800,Palmital,SU,PR,12879
4117909,Palotina,SU,PR,37039
4118006,Paraíso do Norte,SU,PR,13728
4118105,Paranacity,SU,PR,9549
4118204,Paranaguá,SU,PR,150104
4118303,Paranapoema,SU,PR,2352
4118402,Paranavaí,SU,PR,96209
4118451,Pato Bragado,SU,PR,6004
4118501,Pato Branco,SU,PR,97821
4118600,Paula Freitas,SU,PR,5706
4118709,Paulo Frontin,SU,PR,6414
4118808,Peabiru,SU,PR,13494
4118857,Perobal,SU,PR,7599
4118907,Pérola,SU,PR,12389
4119004,Pérola d'Oeste,SU,PR,6218
4119103,Piên,SU,PR,14409
4119152,Pinhais,SU,PR,131255
4119202,Pinhalão,SU,PR,6676
4119251,Pinhal de São Bento,SU,PR,2805
4119301,Pinhão,SU,PR,30451
4119400,Piraí do Sul,SU,PR,23977
4119509,Piraquara,SU,PR,127433
4119608,Pitanga,SU,PR,34527
4119657,Pitangueiras,SU,PR,3141
4119707,Planaltina do Paraná,SU,PR,4125
4119806,Planalto,SU,PR,14722
4119905,Ponta Grossa,SU,PR,375632
4119954,Pontal do Paraná,SU,PR,33131
4120002,Porecatu,SU,PR,11271
4120101,Porto Amazonas,SU,PR,4072
4120150,Porto Barreiro,SU,PR,3057
4120200,Porto Rico,SU,PR,3370
4120309,Porto Vitória,SU,PR,3515
4120333,Prado Ferreira,SU,PR,3816
4120358,Pranchita,SU,PR,5831
4120408,Presidente Castelo Branco,SU,PR,4304
4120507,Primeiro de Maio,SU,PR,10064
4120606,Prudentópolis,SU,PR,50946
4120655,Quarto Centenário,SU,PR,4127
4120705,Quatiguá,SU,PR,8426
4120804,Quatro Barras,SU,PR,25397
2902807,Barra da Estiva,NE,BA,27743
2902906,Barra do Choça,NE,BA,38581
2903003,Barra do Mendes,NE,BA,14376
2903102,Barra do Rocha,NE,BA,5898
2903201,Barreiras,NE,BA,171634
2903235,Barro Alto,NE,BA,13922
2903276,Barrocas,NE,BA,15780
2903300,Barro Preto,NE,BA,5936
2903409,Belmonte,NE,BA,20527
2903508,Belo Campo,NE,BA,19074
2903607,Biritinga,NE,BA,15603
2903706,Boa Nova,NE,BA,14008
2903805,Boa Vista do Tupim,NE,BA,17262
2903904,Bom Jesus da Lapa,NE,BA,68866
2903953,Bom Jesus da Serra,NE,BA,10018
2904001,Boninal,NE,BA,14125
2904050,Bonito,NE,BA,16425
2904100,Boquira,NE,BA,19782
2904209,Botuporã,NE,BA,11427
2904308,Brejões,NE,BA,13224
2904407,Brejolândia,NE,BA,9363
2904506,Brotas de Macaúbas,NE,BA,12180
2904605,Brumado,NE,BA,74368
2904704,Buerarema,NE,BA,14950
2904753,Buritirama,NE,BA,20221
2904803,Caatiba,NE,BA,6128
2904852,Cabaceiras do Paraguaçu,NE,BA,17024
2904902,Cachoeira,NE,BA,30498
2905008,Caculé,NE,BA,23293
2905107,Caém,NE,BA,10733
2905156,Caetanos,NE,BA,11432
2905206,Caetité,NE,BA,54730
2905305,Cafarnaum,NE,BA,18057
2905404,Cairu,NE,BA,18578
2905503,Caldeirão Grande,NE,BA,13597
2905602,Camacan,NE,BA,22485
2905701,Camaçari,NE,BA,321636
2905800,Camamu,NE,BA,31694
2905909,Campo Alegre de Lourdes,NE,BA,32500
2906006,Campo Formoso,NE,BA,75112
2906105,Canápolis,NE,BA,10641
2906204,Canarana,NE,BA,25007
2906303,Canavieiras,NE,BA,34392
2906402,Candeal,NE,BA,7940
2906501,Candeias,NE,BA,74854
2906600,Candiba,NE,BA,13417
2906709,Cândido Sales,NE,BA,26469
2906808,Cansanção,NE,BA,39725
2906824,Canudos,NE,BA,16693
2906857,Capela do Alto Alegre,NE,BA,11035
2906873,Capim Grosso,NE,BA,35437
2906899,Caraíbas,NE,BA,10259
2906907,Caravelas,NE,BA,21384
2907004,Cardeal da Silva,NE,BA,8633
2907103,Carinhanha,NE,BA,30439
2907202,Casa Nova,NE,BA,76131
2907301,Castro Alves,NE,BA,25470
2907400,Catolândia,NE,BA,3567
2907509,Catu,NE,BA,50109
2907558,Caturama,NE,BA,9108
2907608,Central,NE,BA,16847
2907707,Chorrochó,NE,BA,10933
2907806,Cícero Dantas,NE,BA,32292
2907905,Cipó,NE,BA,17875
2908002,Coaraci,NE,BA,17557
2908101,Cocos,NE,BA,19865
2908200,Conceição da Feira,NE,BA,21529
2908309,Conceição do Almeida,NE,BA,16134
2908408,Conceição do Coité,NE,BA,71601
2908507,Conceição do Jacuípe,NE,BA,37622
2908606,Conde,NE,BA,24460
2908705,Condeúba,NE,BA,17567
2908804,Contendas do Sincorá,NE,BA,4499
2908903,Coração de Maria,NE,BA,28408
2909000,Cordeiros,NE,BA,7748
2909109,Coribe,NE,BA,14463
2909208,Coronel João Sá,NE,BA,17598
2909307,Correntina,NE,BA,34266
2909406,Cotegipe,NE,BA,13463
2909505,Cravolândia,NE,BA,4491
2909604,Crisópolis,NE,BA,20346
2909703,Cristópolis,NE,BA,14549
2909802,Cruz das Almas,NE,BA,63326
2909901,Curaçá,NE,BA,36127
2910008,Dário Meira,NE,BA,11054
2910057,Dias d'Ávila,NE,BA,75296
2910107,Dom Basílio,NE,BA,12329
2910206,Dom Macedo Costa,NE,BA,4608
2910305,Elísio Medrado,NE,BA,8069
2910404,Encruzilhada,NE,BA,19450
2910503,Entre Rios,NE,BA,39890
2910602,Esplanada,NE,BA,34163
2910701,Euclides da Cunha,NE,BA,64768
2910727,Eunápolis,NE,BA,121067
2910750,Fátima,NE,BA,18480
2910776,Feira da Mata,NE,BA,5831
2910800,Feira de Santana,NE,BA,660806
2910859,Filadélfia,NE,BA,18637
2209658,São Francisco de Assis do Piauí,NE,PI,5713
2209708,São Francisco do Piauí,NE,PI,5358
2209757,São Gonçalo do Gurguéia,NE,PI,3026
2209807,São Gonçalo do Piauí,NE,PI,4985
2209856,São João da Canabrava,NE,PI,4359
2209872,São João da Fronteira,NE,PI,5608
2209906,São João da Serra,NE,PI,6232
2209955,São João da Varjota,NE,PI,4430
2209971,São João do Arraial,NE,PI,8494
2210003,São João do Piauí,NE,PI,22137
2210052,São José do Divino,NE,PI,5317
2210102,São José do Peixe,NE,PI,3300
2210201,São José do Piauí,NE,PI,6733
2210300,São Julião,NE,PI,6131
2210359,São Lourenço do Piauí,NE,PI,4497
2210375,São Luis do Piauí,NE,PI,2277
2210383,São Miguel da Baixa Grande,NE,PI,2299
2210391,São Miguel do Fidalgo,NE,PI,2864
2210409,São Miguel do Tapuio,NE,PI,17911
2210508,São Pedro do Piauí,NE,PI,14055
2210607,São Raimundo Nonato,NE,PI,41139
2210623,Sebastião Barros,NE,PI,3210
2210631,Sebastião Leal,NE,PI,4590
2210656,Sigefredo Pacheco,NE,PI,9623
2210706,Simões,NE,PI,14664
2210805,Simplício Mendes,NE,PI,14437
2210904,Socorro do Piauí,NE,PI,4165
2210938,Sussuapara,NE,PI,6346
2210953,Tamboril do Piauí,NE,PI,3040
2210979,Tanque do Piauí,NE,PI,2319
2211001,Teresina,NE,PI,905692
2211100,União,NE,PI,47896
2211209,Uruçuí,NE,PI,26779
2211308,Valença do Piauí,NE,PI,23025
2211357,Várzea Branca,NE,PI,5181
2211407,Várzea Grande,NE,PI,4520
2211506,Vera Mendes,NE,PI,3282
2211605,Vila Nova do Piauí,NE,PI,2972
2211704,Wall Ferraz,NE,PI,4195
2300101,Abaiara,NE,CE,10269
2300150,Acarape,NE,CE,14340
2300200,Acaraú,NE,CE,69317
2300309,Acopiara,NE,CE,45937
2300408,Aiuaba,NE,CE,14115
2300507,Alcântaras,NE,CE,11795
2300606,Altaneira,NE,CE,6974
2300705,Alto Santo,NE,CE,14372
2300754,Amontada,NE,CE,44584
2300804,Antonina do Norte,NE,CE,7507
2300903,Apuiarés,NE,CE,13193
2301000,Aquiraz,NE,CE,85316
2301109,Aracati,NE,CE,79205
2301208,Aracoiaba,NE,CE,26752
2301257,Ararendá,NE,CE,11532
2301307,Araripe,NE,CE,20194
2301406,Aratuba,NE,CE,11427
2301505,Arneiroz,NE,CE,7615
2301604,Assaré,NE,CE,22195
2301703,Aurora,NE,CE,24244
2301802,Baixio,NE,CE,5821
2301851,Banabuiú,NE,CE,17667
2301901,Barbalha,NE,CE,81441
2301950,Barreira,NE,CE,23474
2302008,Barro,NE,CE,19569
2302057,Barroquinha,NE,CE,14998
2302107,Baturité,NE,CE,37147
2302206,Beberibe,NE,CE,55977
2302305,Bela Cruz,NE,CE,34613
2302404,Boa Viagem,NE,CE,52133
2302503,Brejo Santo,NE,CE,54192
2302602,Camocim,NE,CE,65251
2302701,Campos Sales,NE,CE,26049
2302800,Canindé,NE,CE,77376
2302909,Capistrano,NE,CE,17795
2303006,Caridade,NE,CE,16234
2303105,Cariré,NE,CE,18074
2303204,Caririaçu,NE,CE,27532
2303303,Cariús,NE,CE,17277
2303402,Carnaubal,NE,CE,17815
2303501,Cascavel,NE,CE,76866
2303600,Catarina,NE,CE,9110
2303659,Catunda,NE,CE,10864
2303709,Caucaia,NE,CE,378406
2303808,Cedro,NE,CE,22564
2303907,Chaval,NE,CE,12811
2303931,Choró,NE,CE,12352
2303956,Chorozinho,NE,CE,20808
2304004,Coreaú,NE,CE,21417
2304103,Crateús,NE,CE,80130
2304202,Crato,NE,CE,139027
2304236,Croatá,NE,CE,18050
2304251,Cruz,NE,CE,32288
2304269,Deputado Irapuan Pinheiro,NE,CE,9173
2304277,Ererê,NE,CE,6381
2304285,Eusébio,NE,CE,82016
2304301,Farias Brito,NE,CE,18498
2304350,Forquilha,NE,CE,25298
2304400,Fortaleza,NE,CE,2578483
2304459,Fortim,NE,CE,18213
2304509,Frecheirinha,NE,CE,16516
2304608,General Sampaio,NE,CE,6929
2304657,Graça,NE,CE,14176
2304707,Granja,NE,CE,55809
2304806,Granjeiro,NE,CE,4955
2304905,Groaíras,NE,CE,11369
2304954,Guaiúba,NE,CE,25158
2305001,Guaraciaba do Norte,NE,CE,44565
2305100,Guaramiranga,NE,CE,5826
2305209,Hidrolândia,NE,CE,18186
2305233,Horizonte,NE,CE,81161
2305266,Ibaretama,NE,CE,12149
2305308,Ibiapina,NE,CE,24689
2305332,Ibicuitinga,NE,CE,12008
2305357,Icapuí,NE,CE,22562
2305407,Icó,NE,CE,64745
2305506,Iguatu,NE,CE,102588
2305605,Independência,NE,CE,24463
2305654,Ipaporanga,NE,CE,11963
2305704,Ipaumirim,NE,CE,12459
2305803,Ipu,NE,CE,43084
2305902,Ipueiras,NE,CE,38287
2306009,Iracema,NE,CE,14440
2306108,Irauçuba,NE,CE,24867
2306207,Itaiçaba,NE,CE,7801
2306256,Itaitinga,NE,CE,72512
2306306,Itapajé,NE,CE,49073
2306405,Itapipoca,NE,CE,138978
2306504,Itapiúna,NE,CE,18197
2306553,Itarema,NE,CE,45852
2306603,Itatira,NE,CE,21160
2306702,Jaguaretama,NE,CE,17604
1503507,Irituia,NO,PA,32740
1503606,Itaituba,NO,PA,135369
1503705,Itupiranga,NO,PA,52201
1503754,Jacareacanga,NO,PA,26579
1503804,Jacundá,NO,PA,37726
1503903,Juruti,NO,PA,54255
1504000,Limoeiro do Ajuru,NO,PA,32088
1504059,Mãe do Rio,NO,PA,37473
1504109,Magalhães Barata,NO,PA,8439
1504208,Marabá,NO,PA,290975
1504307,Maracanã,NO,PA,27129
1504406,Marapanim,NO,PA,28159
1504422,Marituba,NO,PA,119437
1504455,Medicilândia,NO,PA,28677
1504505,Melgaço,NO,PA,30080
1504604,Mocajuba,NO,PA,28903
1504703,Moju,NO,PA,91760
1504802,Monte Alegre,NO,PA,64002
1504901,Muaná,NO,PA,49648
1504950,Nova Esperança do Piriá,NO,PA,21304
1504976,Nova Ipixuna,NO,PA,14400
1505007,Nova Timboteua,NO,PA,13175
1505031,Novo Progresso,NO,PA,37054
1505064,Novo Repartimento,NO,PA,63796
1505106,Óbidos,NO,PA,55527
1505205,Oeiras do Pará,NO,PA,36734
1505304,Oriximiná,NO,PA,72889
1505403,Ourém,NO,PA,18783
1505437,Ourilândia do Norte,NO,PA,35252
1505486,Pacajá,NO,PA,43741
1505494,Palestina do Pará,NO,PA,7063
1505502,Paragominas,NO,PA,113498
1505536,Parauapebas,NO,PA,305771
1505551,Pau D'Arco,NO,PA,7354
1505601,Peixe-Boi,NO,PA,8686
1505635,Piçarra,NO,PA,13366
1505650,Placas,NO,PA,18510
1505700,Ponta de Pedras,NO,PA,25736
1505809,Portel,NO,PA,67580
1505908,Porto de Moz,NO,PA,44121
1506005,Prainha,NO,PA,38733
1506104,Primavera,NO,PA,11379
1506112,Quatipuru,NO,PA,11838
1506138,Redenção,NO,PA,92694
1506161,Rio Maria,NO,PA,19190
1506187,Rondon do Pará,NO,PA,57031
1506195,Rurópolis,NO,PA,37198
1506203,Salinópolis,NO,PA,48663
1506302,Salvaterra,NO,PA,25687
1506351,Santa Bárbara do Pará,NO,PA,22530
1506401,Santa Cruz do Arari,NO,PA,7626
1506500,Santa Izabel do Pará,NO,PA,79195
1506559,Santa Luzia do Pará,NO,PA,21295
1506583,Santa Maria das Barreiras,NO,PA,17065
1506609,Santa Maria do Pará,NO,PA,25815
1506708,Santana do Araguaia,NO,PA,30455
1506807,Santarém,NO,PA,360871
1506906,Santarém Novo,NO,PA,6355
1507003,Santo Antônio do Tauá,NO,PA,29234
1507102,São Caetano de Odivelas,NO,PA,17258
1507151,São Domingos do Araguaia,NO,PA,21555
1507201,São Domingos do Capim,NO,PA,32554
1507300,São Félix do Xingu,NO,PA,64651
1507409,São Francisco do Pará,NO,PA,15429
1507458,São Geraldo do Araguaia,NO,PA,24929
1507466,São João da Ponta,NO,PA,4470
1507474,São João de Pirabas,NO,PA,21477
1507508,São João do Araguaia,NO,PA,14293
1507607,São Miguel do Guamá,NO,PA,55970
1507706,São Sebastião da Boa Vista,NO,PA,27651
1507755,Sapucaia,NO,PA,6212
1507805,Senador José Porfírio,NO,PA,24989
1507904,Soure,NO,PA,25315
1507953,Tailândia,NO,PA,75290
1507961,Terra Alta,NO,PA,10837
1507979,Terra Santa,NO,PA,19792
1508001,Tomé-Açu,NO,PA,73058
1508035,Tracuateua,NO,PA,30494
1508050,Trairão,NO,PA,15550
1508084,Tucumã,NO,PA,42883
1508100,Tucuruí,NO,PA,96119
1508126,Ulianópolis,NO,PA,39360
1508159,Uruará,NO,PA,45962
1508209,Vigia,NO,PA,54062
1508308,Viseu,NO,PA,62189
1508357,Vitória do Xingu,NO,PA,16552
1508407,Xinguara,NO,PA,57768
1600055,Serra do Navio,NO,AP,5003
1600105,Amapá,NO,AP,8440
1600154,Pedra Branca do Amapari,NO,AP,13888
1600204,Calçoene,NO,AP,11461
1600212,Cutias,NO,AP,4723
1600238,Ferreira Gomes,NO,AP,7184
1600253,Itaubal,NO,AP,6097
1600279,Laranjal do Jari,NO,AP,37872
1600303,Macapá,NO,AP,489676
1600402,Mazagão,NO,AP,23773
1600501,Oiapoque,NO,AP,30786
1600535,Porto Grande,NO,AP,19048
1600550,Pracuúba,NO,AP,4048
1600600,Santana,NO,AP,118803
1600709,Tartarugalzinho,NO,AP,13816
1600808,Vitória do Jari,NO,AP,11899
1700251,Abreulândia,NO,TO,2682
1700301,Aguiarnópolis,NO,TO,4502
1700350,Aliança do Tocantins,NO,TO,5196
1700400,Almas,NO,TO,6483
1700707,Alvorada,NO,TO,9128
1701002,Ananás,NO,TO,10700
1701051,Angico,NO,TO,2903
1701101,Aparecida do Rio Negro,NO,TO,5110
1701309,Aragominas,NO,TO,5330
1701903,Araguacema,NO,TO,6022
1702000,Araguaçu,NO,TO,8242
1702109,Araguaína,NO,TO,183024
1702158,Araguanã,NO,TO,4300
1702208,Araguatins,NO,TO,33286
1702307,Arapoema,NO,TO,5488
1702406,Arraias,NO,TO,10511
1702554,Augustinópolis,NO,TO,18237
1702703,Aurora do Tocantins,NO,TO,3418
1702901,Axixá do Tocantins,NO,TO,10732
1703008,Babaçulândia,NO,TO,7636
1703057,Bandeirantes do Tocantins,NO,TO,3555
1703073,Barra do Ouro,NO,TO,4667
1703107,Barrolândia,NO,TO,4890
1703206,Bernardo Sayão,NO,TO,4307
1703305,Bom Jesus do Tocantins,NO,TO,4201
1703602,Brasilândia do Tocantins,NO,TO,2013
1703701,Brejinho de Nazaré,NO,TO,4774
1703800,Buriti do Tocantins,NO,TO,10696
1703826,Cachoeirinha,NO,TO,1982
1703842,Campos Lindos,NO,TO,8990
1703867,Cariri do Tocantins,NO,TO,4166
1703883,Carmolândia,NO,TO,2242
1703891,Carrasco Bonito,NO,TO,3344
1703909,Caseara,NO,TO,5028
1704105,Centenário,NO,TO,2111
1704600,Chapada de Areia,NO,TO,1574
1705102,Chapada da Natividade,NO,TO,3176
1705508,Colinas do Tocantins,NO,TO,36209
1705557,Combinado,NO,TO,4906
1705607,Conceição do Tocantins,NO,TO,3942
1706001,Couto Magalhães,NO,TO,5540
1706100,Cristalândia,NO,TO,6392
1706258,Crixás do Tocantins,NO,TO,1494
1706506,Darcinópolis,NO,TO,6093
1707009,Dianópolis,NO,TO,17966
1707108,Divinópolis do Tocantins,NO,TO,7343
1707207,Dois Irmãos do Tocantins,NO,TO,6352
1707306,Dueré,NO,TO,4304
1707405,Esperantina,NO,TO,7385
1707553,Fátima,NO,TO,3503
1707652,Figueirópolis,NO,TO,5334
1707702,Filadélfia,NO,TO,7784
1708205,Formoso do Araguaia,NO,TO,19473
1708254,Tabocão,NO,TO,3741
1708304,Goianorte,NO,TO,4832
1709005,Goiatins,NO,TO,12851
1709302,Guaraí,NO,TO,25831
1709500,Gurupi,NO,TO,90209
1709807,Ipueiras,NO,TO,1626
1710508,Itacajá,NO,TO,6959
1710706,Itaguatins,NO,TO,5160
1710904,Itapiratins,NO,TO,3685
1711100,Itaporã do Tocantins,NO,TO,2464
1711506,Jaú do Tocantins,NO,TO,3396
1711803,Juarina,NO,TO,2308
1711902,Lagoa da Confusão,NO,TO,16629
1711951,Lagoa do Tocantins,NO,TO,3613
1712009,Lajeado,NO,TO,3559
1712157,Lavandeira,NO,TO,1676
1712405,Lizarda,NO,TO,2950
1712454,Luzinópolis,NO,TO,2811
1712504,Marianópolis do Tocantins,NO,TO,4793
1712702,Mateiros,NO,TO,2922
1712801,Maurilândia do Tocantins,NO,TO,3171
1713205,Miracema do Tocantins,NO,TO,18679
1713304,Miranorte,NO,TO,13073
1713601,Monte do Carmo,NO,TO,5667
1713700,Monte Santo do Tocantins,NO,TO,2521
1713809,Palmeiras do Tocantins,NO,TO,4850
1713957,Muricilândia,NO,TO,3501
1714203,Natividade,NO,TO,8956
1714302,Nazaré,NO,TO,4672
1714880,Nova Olinda,NO,TO,10600
1715002,Nova Rosalândia,NO,TO,3382
1715101,Novo Acordo,NO,TO,4118
1715150,Novo Alegre,NO,TO,1817
1715259,Novo Jardim,NO,TO,2251
1715507,Oliveira de Fátima,NO,TO,1220
1715705,Palmeirante,NO,TO,4905
1715754,Palmeirópolis,NO,TO,7104
1716109,Paraíso do Tocantins,NO,TO,55704
1716208,Paranã,NO,TO,10877
1716307,Pau D'Arco,NO,TO,4057
1716505,Pedro Afonso,NO,TO,14895
1716604,Peixe,NO,TO,9384
1716653,Pequizeiro,NO,TO,5035
1716703,Colméia,NO,TO,9155
1717008,Pindorama do Tocantins,NO,TO,4599
1717206,Piraquê,NO,TO,2229
1717503,Pium,NO,TO,7408
1717800,Ponte Alta do Bom Jesus,NO,TO,4280
1717909,Ponte Alta do Tocantins,NO,TO,7874
1718006,Porto Alegre do Tocantins,NO,TO,2960
1718204,Porto Nacional,NO,TO,69551
1718303,Praia Norte,NO,TO,9552
1718402,Presidente Kennedy,NO,TO,3016
1718451,Pugmil,NO,TO,2223
1718501,Recursolândia,NO,TO,3454
1718550,Riachinho,NO,TO,4029
2502805,Brejo do Cruz,NE,PB,14095
2502904,Brejo dos Santos,NE,PB,5816
2503001,Caaporã,NE,PB,21942
2503100,Cabaceiras,NE,PB,5537
2503209,Cabedelo,NE,PB,70734
2503308,Cachoeira dos Índios,NE,PB,9335
2503407,Cacimba de Areia,NE,PB,3344
2503506,Cacimba de Dentro,NE,PB,16332
2503555,Cacimbas,NE,PB,7513
2503605,Caiçara,NE,PB,6684
2503704,Cajazeiras,NE,PB,66585
2503753,Cajazeirinhas,NE,PB,2760
2503803,Caldas Brandão,NE,PB,5942
2503902,Camalaú,NE,PB,6327
2504009,Campina Grande,NE,PB,443911
2504033,Capim,NE,PB,7446
2504074,Caraúbas,NE,PB,4067
2504108,Carrapateira,NE,PB,2365
2504157,Casserengue,NE,PB,7052
2504207,Catingueira,NE,PB,4556
2504306,Catolé do Rocha,NE,PB,32288
2504355,Caturité,NE,PB,5544
2504405,Conceição,NE,PB,18731
2504504,Condado,NE,PB,6629
2504603,Conde,NE,PB,30007
2504702,Congo,NE,PB,5124
2504801,Coremas,NE,PB,14987
2504850,Coxixola,NE,PB,1888
2504900,Cruz do Espírito Santo,NE,PB,17821
2505006,Cubati,NE,PB,7842
2505105,Cuité,NE,PB,20208
2505204,Cuitegi,NE,PB,6890
2505238,Cuité de Mamanguape,NE,PB,6441
2505279,Curral de Cima,NE,PB,5415
2505303,Curral Velho,NE,PB,2316
2505352,Damião,NE,PB,5141
2505402,Desterro,NE,PB,8314
2505501,Vista Serrana,NE,PB,3772
2505600,Diamante,NE,PB,6416
2505709,Dona Inês,NE,PB,10638
2505808,Duas Estradas,NE,PB,3360
2505907,Emas,NE,PB,3036
2506004,Esperança,NE,PB,32599
2506103,Fagundes,NE,PB,11307
2506202,Frei Martinho,NE,PB,2911
2506251,Gado Bravo,NE,PB,8398
2506301,Guarabira,NE,PB,60057
2506400,Gurinhém,NE,PB,14141
2506509,Gurjão,NE,PB,3352
2506608,Ibiara,NE,PB,5713
2506707,Imaculada,NE,PB,10497
2506806,Ingá,NE,PB,18234
2506905,Itabaiana,NE,PB,23558
2507002,Itaporanga,NE,PB,24766
2507101,Itapororoca,NE,PB,19165
2507200,Itatuba,NE,PB,10840
2507309,Jacaraú,NE,PB,14969
2507408,Jericó,NE,PB,7728
2507507,João Pessoa,NE,PB,897633
2507606,Juarez Távora,NE,PB,8088
2507705,Juazeirinho,NE,PB,17520
2507804,Junco do Seridó,NE,PB,7019
2507903,Juripiranga,NE,PB,10255
2508000,Juru,NE,PB,9380
2508109,Lagoa,NE,PB,4489
2508208,Lagoa de Dentro,NE,PB,8123
2508307,Lagoa Seca,NE,PB,29209
2508406,Lastro,NE,PB,3316
2508505,Livramento,NE,PB,7041
2508554,Logradouro,NE,PB,5107
2508604,Lucena,NE,PB,13088
2508703,Mãe d'Água,NE,PB,3599
2508802,Malta,NE,PB,6288
2508901,Mamanguape,NE,PB,46966
2509008,Manaíra,NE,PB,10699
2509057,Marcação,NE,PB,9537
2509107,Mari,NE,PB,22170
2509156,Marizópolis,NE,PB,7001
2509206,Massaranduba,NE,PB,14756
2509305,Mataraca,NE,PB,8650
2509339,Matinhas,NE,PB,4759
2509370,Mato Grosso,NE,PB,2584
2509396,Maturéia,NE,PB,6717
2509404,Mogeiro,NE,PB,14435
2509503,Montadas,NE,PB,6144
2509602,Monte Horebe,NE,PB,4429
2509701,Monteiro,NE,PB,33886
2509800,Mulungu,NE,PB,8909
2509909,Natuba,NE,PB,8935
2510006,Nazarezinho,NE,PB,7394
2510105,Nova Floresta,NE,PB,9840
2510204,Nova Olinda,NE,PB,5897
2510303,Nova Palmeira,NE,PB,4359
2510402,Olho d'Água,NE,PB,6059
2510501,Olivedos,NE,PB,3675
2510600,Ouro Velho,NE,PB,3000
2510659,Parari,NE,PB,1745
2510709,Passagem,NE,PB,2580
2510808,Patos,NE,PB,108104
2510907,Paulista,NE,PB,12172
2511004,Pedra Branca,NE,PB,3851
2511103,Pedra Lavrada,NE,PB,6980
2511202,Pedras de Fogo,NE,PB,31356
2511301,Piancó,NE,PB,17088
2511400,Picuí,NE,PB,18862
2511509,Pilar,NE,PB,12889
2511608,Pilões,NE,PB,6974
2511707,Pilõezinhos,NE,PB,5539
2511806,Pirpirituba,NE,PB,9411
2511905,Pitimbu,NE,PB,17166
2512002,Pocinhos,NE,PB,18038
2512036,Poço Dantas,NE,PB,3934
2512077,Poço de José de Moura,NE,PB,4126
2104503,Governador Archer,NE,MA,10476
2104552,Governador Edison Lobão,NE,MA,18963
2104602,Governador Eugênio Barros,NE,MA,14264
2104628,Governador Luiz Rocha,NE,MA,7216
2104651,Governador Newton Bello,NE,MA,10993
2104677,Governador Nunes Freire,NE,MA,23526
2104701,Graça Aranha,NE,MA,6160
2104800,Grajaú,NE,MA,76837
2104909,Guimarães,NE,MA,10439
2105005,Humberto de Campos,NE,MA,26550
2105104,Icatu,NE,MA,25332
2105153,Igarapé do Meio,NE,MA,14383
2105203,Igarapé Grande,NE,MA,10461
2105302,Imperatriz,NE,MA,285806
2105351,Itaipava do Grajaú,NE,MA,14142
2105401,Itapecuru Mirim,NE,MA,62264
2105427,Itinga do Maranhão,NE,MA,22896
2105450,Jatobá,NE,MA,7593
2105476,Jenipapo dos Vieiras,NE,MA,17529
2105500,João Lisboa,NE,MA,25311
2105609,Joselândia,NE,MA,15227
2105658,Junco do Maranhão,NE,MA,5282
2105708,Lago da Pedra,NE,MA,45865
2105807,Lago do Junco,NE,MA,9687
2105906,Lago Verde,NE,MA,15069
2105922,Lagoa do Mato,NE,MA,10806
2105948,Lago dos Rodrigues,NE,MA,8962
2105963,Lagoa Grande do Maranhão,NE,MA,11731
2105989,Lajeado Novo,NE,MA,7232
2106003,Lima Campos,NE,MA,11559
2106102,Loreto,NE,MA,11884
2106201,Luís Domingues,NE,MA,7366
2106300,Magalhães de Almeida,NE,MA,13933
2106326,Maracaçumé,NE,MA,21730
2106359,Marajá do Sena,NE,MA,7153
2106375,Maranhãozinho,NE,MA,14092
2106409,Mata Roma,NE,MA,17581
2106508,Matinha,NE,MA,22540
2106607,Matões,NE,MA,33327
2106631,Matões do Norte,NE,MA,18021
2106672,Milagres do Maranhão,NE,MA,9065
2106706,Mirador,NE,MA,21536
2106755,Miranda do Norte,NE,MA,24373
2106805,Mirinzal,NE,MA,14298
2106904,Monção,NE,MA,28563
2107001,Montes Altos,NE,MA,9306
2107100,Morros,NE,MA,19015
2107209,Nina Rodrigues,NE,MA,14589
2107258,Nova Colinas,NE,MA,5148
2107308,Nova Iorque,NE,MA,4409
2107357,Nova Olinda do Maranhão,NE,MA,14379
2107407,Olho d'Água das Cunhãs,NE,MA,18288
2107456,Olinda Nova do Maranhão,NE,MA,13921
2107506,Paço do Lumiar,NE,MA,153158
2107605,Palmeirândia,NE,MA,21657
2107704,Paraibano,NE,MA,18589
2107803,Parnarama,NE,MA,32232
2107902,Passagem Franca,NE,MA,17591
2108009,Pastos Bons,NE,MA,19266
2108058,Paulino Neves,NE,MA,17578
2108108,Paulo Ramos,NE,MA,20798
2108207,Pedreiras,NE,MA,38252
2108256,Pedro do Rosário,NE,MA,24955
2108306,Penalva,NE,MA,33496
2108405,Peri Mirim,NE,MA,11229
2108454,Peritoró,NE,MA,20903
2108504,Pindaré-Mirim,NE,MA,32542
2108603,Pinheiro,NE,MA,88091
2108702,Pio XII,NE,MA,22374
2108801,Pirapemas,NE,MA,18132
2108900,Poção de Pedras,NE,MA,17394
2109007,Porto Franco,NE,MA,24571
2109056,Porto Rico do Maranhão,NE,MA,6092
2109106,Presidente Dutra,NE,MA,46606
2109205,Presidente Juscelino,NE,MA,11616
2109239,Presidente Médici,NE,MA,4717
2109270,Presidente Sarney,NE,MA,17925
2109304,Presidente Vargas,NE,MA,10791
2109403,Primeira Cruz,NE,MA,13920
2109452,Raposa,NE,MA,32156
2109502,Riachão,NE,MA,22740
2109551,Ribamar Fiquene,NE,MA,7601
2109601,Rosário,NE,MA,39761
2109700,Sambaíba,NE,MA,6234
2109759,Santa Filomena do Maranhão,NE,MA,6833
2109809,Santa Helena,NE,MA,43200
2109908,Santa Inês,NE,MA,88249
2110005,Santa Luzia,NE,MA,58839
2110039,Santa Luzia do Paruá,NE,MA,24890
2110104,Santa Quitéria do Maranhão,NE,MA,24495
2110203,Santa Rita,NE,MA,38542
2110237,Santana do Maranhão,NE,MA,10759
2110278,Santo Amaro do Maranhão,NE,MA,14287
2110302,Santo Antônio dos Lopes,NE,MA,14628
2110401,São Benedito do Rio Preto,NE,MA,18810
2110500,São Bento,NE,MA,48166
2110609,São Bernardo,NE,MA,27910
2110658,São Domingos do Azeitão,NE,MA,8236
2110708,São Domingos do Maranhão,NE,MA,35247
2110807,São Félix de Balsas,NE,MA,4491
2110856,São Francisco do Brejão,NE,MA,9202
2110906,São Francisco do Maranhão,NE,MA,12360
2111003,São João Batista,NE,MA,18889
2111029,São João do Carú,NE,MA,12360
2111052,São João do Paraíso,NE,MA,10091
2111078,São João do Soter,NE,MA,17253
2111102,São João dos Patos,NE,MA,25910
2111201,São José de Ribamar,NE,MA,259164
2111250,São José dos Basílios,NE,MA,7094
2111300,São Luís,NE,MA,1089215
2111409,São Luís Gonzaga do Maranhão,NE,MA,18123
2111508,São Mateus do Maranhão,NE,MA,40177
2111532,São Pedro da Água Branca,NE,MA,14786
2111573,São Pedro dos Crentes,NE,MA,5993
2111607,São Raimundo das Mangabeiras,NE,MA,19158
2111631,São Raimundo do Doca Bezerra,NE,MA,5761
2111672,São Roberto,NE,MA,4577
2111706,São Vicente Ferrer,NE,MA,19865
2111722,Satubinha,NE,MA,8821
2111748,Senador Alexandre Costa,NE,MA,10447
2111763,Senador La Rocque,NE,MA,15044
2111789,Serrano do Maranhão,NE,MA,10475
2111805,Sítio Novo,NE,MA,17464
2111904,Sucupira do Norte,NE,MA,10471
2111953,Sucupira do Riachão,NE,MA,5081
2112001,Tasso Fragoso,NE,MA,9130
2112100,Timbiras,NE,MA,27328
2112209,Timon,NE,MA,182711
2112233,Trizidela do Vale,NE,MA,23097
2112274,Tufilândia,NE,MA,5633
2112308,Tuntum,NE,MA,37364
2112407,Turiaçu,NE,MA,38993
2112456,Turilândia,NE,MA,33219
2112506,Tutóia,NE,MA,55076
2800704,Brejo Grande,NE,SE,8025
2801009,Campo do Brito,NE,SE,18719
2801108,Canhoba,NE,SE,3850
2801207,Canindé de São Francisco,NE,SE,33641
2801306,Capela,NE,SE,32783
2801405,Carira,NE,SE,20314
2801504,Carmópolis,NE,SE,14203
2801603,Cedro de São João,NE,SE,5474
2801702,Cristinápolis,NE,SE,17594
2801900,Cumbe,NE,SE,3872
2802007,Divina Pastora,NE,SE,4436
2802106,Estância,NE,SE,67060
2802205,Feira Nova,NE,SE,6358
2802304,Frei Paulo,NE,SE,14921
2802403,Gararu,NE,SE,11294
2802502,General Maynard,NE,SE,3118
2802601,Gracho Cardoso,NE,SE,5910
2802700,Ilha das Flores,NE,SE,8499
2802809,Indiaroba,NE,SE,16991
2802908,Itabaiana,NE,SE,109250
2803005,Itabaianinha,NE,SE,42230
2803104,Itabi,NE,SE,4816
2803203,Itaporanga d'Ajuda,NE,SE,36074
2803302,Japaratuba,NE,SE,16451
2803401,Japoatã,NE,SE,13723
2803500,Lagarto,NE,SE,105957
2803609,Laranjeiras,NE,SE,24047
2803708,Macambira,NE,SE,7048
2803807,Malhada dos Bois,NE,SE,3674
2803906,Malhador,NE,SE,11712
2804003,Maruim,NE,SE,15956
2804102,Moita Bonita,NE,SE,11297
2804201,Monte Alegre de Sergipe,NE,SE,14781
2804300,Muribeca,NE,SE,8059
2804409,Neópolis,NE,SE,16473
2804458,Nossa Senhora Aparecida,NE,SE,9534
2804508,Nossa Senhora da Glória,NE,SE,43686
2804607,Nossa Senhora das Dores,NE,SE,25569
2804706,Nossa Senhora de Lourdes,NE,SE,6409
2804805,Nossa Senhora do Socorro,NE,SE,204081
2804904,Pacatuba,NE,SE,12690
2805000,Pedra Mole,NE,SE,2811
2805109,Pedrinhas,NE,SE,7355
2805208,Pinhão,NE,SE,5759
2805307,Pirambu,NE,SE,8021
2805406,Poço Redondo,NE,SE,29238
2805505,Poço Verde,NE,SE,22217
2805604,Porto da Folha,NE,SE,27348
2805703,Propriá,NE,SE,27213
2805802,Riachão do Dantas,NE,SE,18541
2805901,Riachuelo,NE,SE,8853
2806008,Ribeirópolis,NE,SE,17365
2806107,Rosário do Catete,NE,SE,9507
2806206,Salgado,NE,SE,20825
2806305,Santa Luzia do Itanhy,NE,SE,14003
2806404,Santana do São Francisco,NE,SE,7549
2806503,Santa Rosa de Lima,NE,SE,4049
2806602,Santo Amaro das Brotas,NE,SE,11289
2806701,São Cristóvão,NE,SE,101213
2806800,São Domingos,NE,SE,10559
2806909,São Francisco,NE,SE,3330
2807006,São Miguel do Aleixo,NE,SE,3471
2807105,Simão Dias,NE,SE,44503
2807204,Siriri,NE,SE,7981
2807303,Telha,NE,SE,3389
2807402,Tobias Barreto,NE,SE,52783
2807501,Tomar do Geru,NE,SE,12094
2807600,Umbaúba,NE,SE,24618
2900108,Abaíra,NE,BA,7407
2900207,Abaré,NE,BA,18269
2900306,Acajutiba,NE,BA,14200
2900355,Adustina,NE,BA,14510
2900405,Água Fria,NE,BA,14833
2900504,Érico Cardoso,NE,BA,10947
2900603,Aiquara,NE,BA,4583
2900702,Alagoinhas,NE,BA,161196
2900801,Alcobaça,NE,BA,25601
2900900,Almadina,NE,BA,5296
2901007,Amargosa,NE,BA,38585
2901106,Amélia Rodrigues,NE,BA,24830
2901155,América Dourada,NE,BA,15572
2901205,Anagé,NE,BA,26745
2901304,Andaraí,NE,BA,13545
2901353,Andorinha,NE,BA,15491
2901403,Angical,NE,BA,14178
2901502,Anguera,NE,BA,11490
2901601,Antas,NE,BA,14984
2901700,Antônio Cardoso,NE,BA,11498
2901809,Antônio Gonçalves,NE,BA,11248
2901908,Aporá,NE,BA,16361
2901957,Apuarema,NE,BA,7101
2902005,Aracatu,NE,BA,14440
2902054,Araças,NE,BA,11953
2902104,Araci,NE,BA,50308
2902203,Aramari,NE,BA,10106
2902252,Arataca,NE,BA,10433
2902302,Aratuípe,NE,BA,8993
2902401,Aurelino Leal,NE,BA,11339
2902500,Baianópolis,NE,BA,14138
2902609,Baixa Grande,NE,BA,18628
2902708,Barra,NE,BA,53642
